"STATION","DATE","ACMH","ACSH","ADPT","ASLP","ASTP","AWBT","AWND","FMTM","FRGT","PGTM","PRCP","RHAV","RHMN","RHMX","SNOW","SNWD","TAVG","THIC","TMAX","TMIN","TSUN","WDF1","WDF2","WDF5","WDFG","WDFM","WESD","WSF1","WSF2","WSF5","WSFG","WSFM","WT01","WT02","WT03","WT04","WT05","WT07","WT08","WT09","WT10","WT11","WT13","WT14","WT16","WT18","WT21","WV01","WV03","WV20"
"USW00023234","2021-01-01",,,"43","30.16","30.15","47","4.03",,,,"0.00","   79","   53","   89",,,,,"60","43",,,"  280","  280",,,,,"19.9","23.0",,,"    1",,,,,,"    1",,,,,,,,,,,
"USW00023234","2021-01-02",,,"48","30.24","30.22","50","2.91",,,,"0.19","   87","   80","   93",,,,,"54","50",,,"  160","  160",,,,,"13.0","14.1",,,"    1",,,,,,"    1",,,,,,,,,,,
"USW00023234","2021-01-03",,,"48","30.22","30.21","50","2.46",,,,"0.00","   89","   83","   93",,,,,"53","49",,,"  280","  280",,,,,"8.9","10.1",,,"    1","    1",,,,,"    1",,,,,,,,,,,
"USW00023234","2021-01-04",,,"49","30.14","30.12","52","11.41",,,,"0.30","   81","   65","   93",,,,,"62","51",,,"  230","  220",,,,,"29.1","38.0",,,"    1",,,,,,"    1",,,,,,,,,,,
"USW00023234","2021-01-05",,,"45","30.25","30.24","48","3.80",,,,"0.00","   81","   69","   90",,,,,"58","45",,,"  290","  280",,,,,"12.1","13.0",,,"    1",,,,,,"    1",,,,,,,,,,,
"USW00023234","2021-01-06",,,"44","30.22","30.21","46","2.91",,,,"0.02","   84","   72","   90",,,,,"56","42",,,"   70","   70",,,,,"16.1","17.0",,,"    1",,,,,,"    1",,,,,,,,,,,
"USW00023234","2021-01-07",,,"47","30.21","30.18","49","4.92",,,,"0.00","   82","   70","   93",,,,,"58","44",,,"   80","   70",,,,,"14.1","15.0",,,"    1",,,,,,"    1",,,,,,,,,,,
"USW00023234","2021-01-08",,,"48","30.26","30.24","50","4.03",,,,"0.00","   83","   72","   89",,,,,"58","48",,,"  130","  130",,,,,"14.1","15.0",,,"    1",,,,,,"    1",,,,,,,,,,,
"USW00023234","2021-01-09",,,"43","30.26","30.24","47","4.47",,,,"0.00","   77","   38","   97",,,,,"61","42",,,"  290","  290",,,,,"16.1","18.1",,,"    1","    1",,,,,"    1",,,,,,,,,,,
"USW00023234","2021-01-10",,,"43","30.26","30.25","47","4.25",,,,"0.00","   74","   62","   83",,,,,"58","43",,,"   20","   20",,,,,"15.0","17.0",,,,,,,,,"    1",,,,,,,,,,,
"USW00023234","2021-01-11",,,"45","30.24","30.22","49","4.70",,,,"0.00","   77","   64","   90",,,,,"61","45",,,"  290","  290",,,,,"17.0","21.0",,,"    1",,,,,,"    1",,,,,,,,,,,
"USW00023234","2021-01-12",,,"47","30.30","30.28","50","2.01",,,,"0.00","   78","   70","   86",,,,,"58","49",,,"   40","  160",,,,,"8.1","10.1",,,"    1",,,,,,"    1",,,,,,,,,,,
"USW00023234","2021-01-13",,,"51","30.35","30.33","54","3.13",,,,"0.00","   83","   68","   92",,,,,"68","50",,,"  150","  150",,,,,"13.0","13.0",,,"    1",,,,,,"    1",,,,,,,,,,,
"USW00023234","2021-01-14",,,"50","30.31","30.29","52","5.37",,,,"0.00","   82","   55","   89",,,,,"69","50",,,"  290","  300",,,,,"19.9","23.0",,,"    1",,,,,,"    1",,,,,,,,,,,
"USW00023234","2021-01-15",,,"48","30.28","30.25","52","2.91",,,,"0.00","   77","   58","   92",,,,,"63","47",,,"   10","   10",,,,,"8.9","10.1",,,"    1",,,,,,"    1",,,,,,,,,,,
"USW00023234","2021-01-16",,,"48","30.16","30.14","51","5.59",,,,"0.00","   79","   59","   89",,,,,"67","49",,,"  300","  300",,,,,"23.0","27.1",,,"    1",,,,,,,,,,,,,,,,,
"USW00023234","2021-01-17",,,"46","30.07","30.04","52","4.03",,,,"0.00","   64","   34","   86",,,,,"74","48",,,"  300","  310",,,,,"16.1","19.0",,,,,,,,,"    1",,,,,,,,,,,
"USW00023234","2021-01-18",,,"38","29.93","29.91","51","10.29",,,,"0.00","   43","   19","   83",,,,,"74","50",,,"   10","   10",,,,,"30.0","34.0",,,,,,,,,,,,,,,,,,,,
"USW00023234","2021-01-19",,,"32","29.97","29.96","47","23.71",,,,"0.00","   38","   29","   51",,,,,"66","49",,,"   30","   30",,,,,"45.0","53.9",,,,,,,,,"    1",,,,,,,,,,,
"USW00023234","2021-01-20",,,"32","30.09","30.06","45","5.59",,,,"0.00","   44","   23","   61",,,,,"67","47",,,"  290","  290",,,,,"14.1","16.1",,,,,,,,,"    1",,,,,,,,,,,
"USW00023234","2021-01-21",,,"39","30.04","30.03","45","6.93",,,,"0.00","   68","   44","   82",,,,,"58","42",,,"  300","  300",,,,,"18.1","21.0",,,,,,,,,"    1",,,,,,,,,,,
"USW00023234","2021-01-22",,,"44","29.90","29.88","48","8.05",,,,"0.07","   75","   67","   83",,,,,"55","49",,,"  260","  260",,,,,"23.9","28.0",,,,,,,,,"    1",,,,,,,,,,,
"USW00023234","2021-01-23",,,"43","29.95","29.93","47","7.83",,,,"0.00","   72","   53","   83",,,,,"57","46",,,"  270","  280",,,,,"16.1","19.9",,,,,,,,,"    1",,,,,,,,,,,
"USW00023234","2021-01-24",,,"42","29.90","29.88","46","12.75",,,,"0.15","   72","   63","   86",,,,,"53","46",,,"  300","  300",,,,,"32.0","38.9",,,"    1",,,,,,"    1",,,,,,,,,,,
"USW00023234","2021-01-25",,,"35","29.84","29.82","43","23.71",,,,"0.00","   57","   50","   63",,,,,"54","46",,,"  300","  310",,,,,"36.0","46.1",,,,,,,,,"    1",,,,,,,,,,,
"USW00023234","2021-01-26",,,"36","29.87","29.83","42","13.65",,,,"0.72","   69","   55","   86",,,,,"52","39",,,"  140","  130",,,,,"32.0","38.9",,,"    1",,,,,,"    1",,,,,,,,,,,
"USW00023234","2021-01-27",,,"45","29.72","29.70","48","12.53",,,,"0.77","   78","   72","   89",,,,,"55","47",,,"  220","  210",,,,,"31.1","38.9",,,"    1",,,,,,"    1",,,,,,,,,,,
"USW00023234","2021-01-28",,,"47","29.74","29.72","49","6.71",,,,"0.57","   84","   77","   89",,,,,"54","48",,,"  130","  180",,,,,"15.0","19.0",,,"    1",,,,,,"    1",,,,,,,,,,,
"USW00023234","2021-01-29",,,"42","29.93","29.92","46","4.25",,,,"0.13","   76","   55","   93",,,,,"57","43",,,"  280","  280",,,,,"12.1","13.0",,,"    1",,,,,,"    1",,,,,,,,,,,
"USW00023234","2021-01-30",,,"42","30.16","30.14","47","2.24",,,,"0.00","   70","   47","   83",,,,,"58","47",,,"  220","  210",,,,,"13.0","16.1",,,,,,,,,"    1",,,,,,,,,,,
"USW00023234","2021-01-31",,,"46","30.12","30.11","50","2.68",,,,"0.00","   72","   58","   80",,,,,"61","50",,,"   30","  360",,,,,"6.9","8.1",,,,,,,,,"    1",,,,,,,,,,,
"USW00023234","2021-02-01",,,"46","30.01","29.99","51","9.62",,,,"0.35","   73","   41","   90",,,,,"65","48",,,"  200","  210",,,,,"23.9","29.1",,,"    1",,,,,,"    1",,,,,,,,,,,
"USW00023234","2021-02-02",,,"49","30.11","30.10","52","6.49",,,,"0.18","   80","   62","   90",,,,,"61","51",,,"  280","  280",,,,,"14.1","17.0",,,"    1",,,,,,"    1",,,,,,,,,,,
"USW00023234","2021-02-03",,,"42","30.23","30.21","47","8.28",,,,"0.00","   70","   53","   83",,,,,"59","43",,,"  280","  290",,,,,"18.1","29.1",,,,,,,,,"    1",,,,,,,,,,,
"USW00023234","2021-02-04",,,"36","30.24","30.22","45","6.26",,,,"0.00","   54","   32","   79",,,,,"62","45",,,"   30","  290",,,,,"16.1","18.1",,,,,,,,,,,,,,,,,,,,
"USW00023234","2021-02-05",,,"41","30.19","30.16","47","4.92",,,,"0.00","   67","   45","   83",,,,,"67","43",,,"  300","  290",,,,,"23.0","25.9",,,,,,,,,"    1",,,,,,,,,,,
"USW00023234","2021-02-06",,,"44","30.09","30.06","49","5.59",,,,"0.00","   72","   54","   83",,,,,"67","44",,,"  300","  300",,,,,"21.0","23.0",,,"    1",,,,,,"    1",,,,,,,,,,,
"USW00023234","2021-02-07",,,"44","29.98","29.96","48","6.26",,,,"0.00","   72","   48","   83",,,,,"67","44",,,"  290","  290",,,,,"18.1","21.0",,,"    1",,,,,,"    1",,,,,,,,,,,
"USW00023234","2021-02-08",,,"45","29.97","29.95","48","6.71",,,,"0.00","   77","   67","   86",,,,,"58","43",,,"  270","  270",,,,,"18.1","21.9",,,"    1",,,,,,"    1",,,,,,,,,,,
"USW00023234","2021-02-09",,,"46","30.03","30.01","50","6.26",,,,"0.00","   75","   64","   80",,,,,"60","51",,,"  300","  300",,,,,"17.0","19.0",,,,,,,,,"    1",,,,,,,,,,,
"USW00023234","2021-02-10",,,"45","30.10","30.08","50","8.50",,,,"0.00","   72","   56","   83",,,,,"62","49",,,"  280","  290",,,,,"21.9","25.9",,,,,,,,,"    1",,,,,,,,,,,
"USW00023234","2021-02-11",,,"47","30.04","30.02","50","7.61",,,,"0.43","   78","   64","   90",,,,,"57","45",,,"  270","  270",,,,,"29.1","38.9",,,"    1",,,,,,"    1",,,,,,,,,,,
"USW00023234","2021-02-12",,,"47","30.05","30.03","51","17.22",,,,"0.00","   76","   64","   83",,,,,"60","51",,,"  290","  290",,,,,"29.1","35.1",,,"    1",,,,,,"    1",,,,,,,,,,,
"USW00023234","2021-02-13",,,"46","30.04","30.03","50","18.12",,,,"0.05","   73","   60","   90",,,,,"60","50",,,"  290","  290",,,,,"36.0","42.1",,,"    1",,,,,,"    1",,,,,,,,,,,
"USW00023234","2021-02-14",,,"44","30.09","30.08","49","9.17",,,,"0.01","   70","   53","   90",,,,,"58","50",,,"  300","  300",,,,,"23.0","28.0",,,"    1",,,,,,"    1",,,,,,,,,,,
"USW00023234","2021-02-15",,,"51","30.09","30.06","53","11.86",,,,"0.14","   84","   72","   90",,,,,"59","52",,,"  280","  290",,,,,"30.0","35.1",,,"    1",,,,,,"    1",,,,,,,,,,,
"USW00023234","2021-02-16",,,"45","30.15","30.14","49","14.99",,,,"0.00","   74","   64","   86",,,,,"58","49",,,"  290","  290",,,,,"25.9","32.0",,,"    1",,,,,,"    1",,,,,,,,,,,
"USW00023234","2021-02-17",,,"41","30.21","30.19","47","8.95",,,,"0.00","   66","   39","   86",,,,,"64","44",,,"  360","  340",,,,,"18.1","21.9",,,"    1",,,,,,"    1",,,,,,,,,,,
"USW00023234","2021-02-18",,,"37","30.32","30.30","46","4.25",,,,"0.00","   55","   23","   74",,,,,"65","43",,,"  300","  300",,,,,"17.0","19.0",,,,,,,,,,,,,,,,,,,,
"USW00023234","2021-02-19",,,"47","30.30","30.28","51","8.95",,,,"0.03","   76","   51","   86",,,,,"60","51",,,"  280","  270",,,,,"21.0","23.9",,,"    1",,,,,,"    1",,,,,,,,,,,
"USW00023234","2021-02-20",,,"44","30.35","30.33","49","15.66",,,,"0.06","   70","   54","   80",,,,,"60","50",,,"  270","  300",,,,,"29.1","36.0",,,"    1",,,,,,,,,,,,,,,,,
"USW00023234","2021-02-21",,,"40","30.42","30.40","47","5.59",,,,"0.00","   62","   32","   86",,,,,"64","44",,,"  280","  280",,,,,"19.9","21.9",,,,,,,,,"    1",,,,,,,,,,,
"USW00023234","2021-02-22",,,"41","30.26","30.24","50","4.92",,,,"0.00","   55","   29","   71",,,,,"72","46",,,"  290","  280",,,,,"21.0","23.9",,,,,,,,,,,,,,,,,,,,
"USW00023234","2021-02-23",,,"42","30.12","30.11","51","8.50",,,,"0.00","   57","   18","   77",,,,,"76","50",,,"  290","  290",,,,,"23.9","27.1",,,,,,,,,"    1",,,,,,,,,,,
"USW00023234","2021-02-24",,,"38","30.18","30.16","49","8.05",,,,"0.00","   51","   18","   80",,,,,"71","49",,,"  290","  340",,,,,"17.0","21.9",,,,,,,,,,,,,,,,,,,,
"USW00023234","2021-02-25",,,"33","30.24","30.22","46","11.18",,,,"0.00","   45","   19","   83",,,,,"66","50",,,"  290","  280",,,,,"21.9","29.1",,,,,,,,,"    1",,,,,,,,,,,
"USW00023234","2021-02-26",,,"42","30.16","30.14","48","16.55",,,,"0.00","   68","   50","   83",,,,,"61","47",,,"  290","  290",,,,,"32.0","38.9",,,,,,,,,"    1",,,,,,,,,,,
"USW00023234","2021-02-27",,,"38","30.16","30.15","46","11.86",,,,"0.00","   60","   35","   77",,,,,"61","45",,,"  290","  300",,,,,"28.0","33.1",,,,,,,,,"    1",,,,,,,,,,,
"USW00023234","2021-02-28",,,"33","30.17","30.16","46","6.26",,," 1643","0.00","   41","   22","   77",,,,,"69","48",,,"  290","  290",,,,,"21.0","21.9",,,,,,,,,"    1",,,,,,,,,,,
"USW00023234","2021-03-01",,,"34","30.10","30.08","46","6.04",,,,"0.00","   47","   19","   63",,,,,"69","45",,,"  200","  200",,,,,"23.9","28.0",,,,,,,,,,,,,,,,,,,,
"USW00023234","2021-03-02",,,"39","29.91","29.89","47","8.05",,,,"0.00","   57","   40","   71",,,,,"65","44",,,"  280","  290",,,,,"18.1","19.9",,,,,,,,,"    1",,,,,,,,,,,
"USW00023234","2021-03-03",,,"41","29.85","29.83","48","5.82",,,,"0.00","   63","   52","   71",,,,,"64","48",,,"  230","  230",,,,,"19.9","21.9",,,,,,,,,,,,,,,,,,,,
"USW00023234","2021-03-04",,,"42","30.22","30.20","48","5.82",,,,"0.00","   64","   44","   80",,,,,"63","45",,,"  240","  230",,,,,"21.0","23.9",,,,,,,,,,,,,,,,,,,,
"USW00023234","2021-03-05",,,"45","30.12","30.08","51","9.62",,,,"0.21","   69","   54","   83",,,,,"65","46",,,"  290","  270",,,,,"35.1","47.0",,,,,,,,,"    1",,,,,,,,,,,
"USW00023234","2021-03-06",,,"43","30.14","30.12","48","11.86",,,,"0.01","   71","   60","   83",,,,,"58","47",,,"  280","  280",,,,,"23.9","28.0",,,"    1",,,,,,"    1",,,,,,,,,,,
"USW00023234","2021-03-07",,,"41","30.11","30.09","47","9.84",,,,"0.00","   66","   55","   77",,,,,"60","44",,,"  270","  310",,,,,"18.1","23.9",,,,,,,,,,,,,,,,,,,,
"USW00023234","2021-03-08",,,"37","30.18","30.16","46","11.18",,,,"0.00","   55","   40","   69",,,,,"59","45",,,"  210","  210",,,,,"21.0","25.9",,,,,,,,,,,,,,,,,,,,
"USW00023234","2021-03-09",,,"41","30.08","30.05","47","10.51",,,,"0.20","   67","   46","   80",,,,,"60","48",,,"  220","  220",,,,,"21.9","25.9",,,,,,,,,"    1",,,,,,,,,,,
"USW00023234","2021-03-10",,,"41","29.94","29.92","45","7.38",,,,"0.47","   72","   57","   83",,,,,"56","45",,,"  210","  210",,,,,"21.9","25.9",,,"    1",,"    1",,,,"    1",,,,,,,,,,,
"USW00023234","2021-03-11",,,"40","30.08","30.06","45","10.07",,,,"0.09","   70","   47","   86",,,,,"59","43",,,"  290","  290",,,,,"25.9","31.1",,,"    1",,,,,,,,,,,,,,,,,
"USW00023234","2021-03-12",,,"43","30.15","30.13","48","9.62",,,,"0.00","   70","   43","   89",,,,,"65","43",,,"  280","  280",,,,,"23.0","27.1",,,,,,,,,,,,,,,,,,,,
"USW00023234","2021-03-13",,,"42","30.29","30.27","47","12.97",,,,"0.00","   68","   60","   80",,,,,"56","50",,,"  270","  280",,,,,"23.0","28.0",,,,,,,,,,,,,,,,,,,,
"USW00023234","2021-03-14",,,"42","30.17","30.15","47","12.30",,,,"0.17","   68","   56","   83",,,,,"58","47",,,"  190","  290",,,,,"25.9","31.1",,,"    1",,,,,,"    1",,,,,,,,,,,
"USW00023234","2021-03-15",,,"37","30.03","30.01","44","18.79",,,,"0.03","   63","   51","   74",,,,,"55","45",,,"  280","  280",,,,,"38.9","48.1",,,,,,,,,,,,,,,,,,,,
"USW00023234","2021-03-16",,,"38","30.07","30.05","44","9.62",,,,"0.00","   64","   47","   83",,,,,"57","43",,,"  270","  280",,,,,"19.9","23.9",,,,,,,,,,,,,,,,,,,,
"USW00023234","2021-03-17",,,"39","30.10","30.08","45","5.82",,,,"0.00","   66","   57","   77",,,,,"56","43",,,"  210","  220",,,,,"14.1","18.1",,,,,,,,,,,,,,,,,,,,
"USW00023234","2021-03-18",,,"47","30.09","30.07","51","8.50",,,,"0.16","   79","   64","   87",,,,,"58","51",,,"  180","  190",,,,,"23.0","29.1",,,"    1",,,,,,"    1",,,,,,,,,,,
"USW00023234","2021-03-19",,,"47","30.17","30.16","51","8.05",,,,"0.01","   74","   52","   90",,,,,"61","51",,,"  290","  290",,,,,"18.1","23.0",,,"    1",,,,,,"    1",,,,,,,,,,,
"USW00023234","2021-03-20",,,"42","30.28","30.27","48","14.32",,,,"0.03","   68","   51","   83",,,,,"58","48",,,"  280","  280",,,,,"28.0","35.1",,,,,,,,,,,,,,,,,,,,
"USW00023234","2021-03-21",,,"42","30.25","30.22","48","13.42",,,,"0.00","   69","   46","   83",,,,,"61","44",,,"  270","  270",,,,,"31.1","36.9",,,,,,,,,,,,,,,,,,,,
"USW00023234","2021-03-22",,,"44","30.17","30.14","49","19.69",,,,"0.00","   69","   56","   80",,,,,"61","49",,,"  280","  280",,,,,"33.1","40.9",,,,,,,,,,,,,,,,,,,,
"USW00023234","2021-03-23",,,"36","30.07","30.06","48","16.33",,,,"0.00","   46","   27","   80",,,,,"66","47",,,"  360","  350",,,,,"28.0","33.1",,,,,,,,,,,,,,,,,,,,
"USW00023234","2021-03-24",,,"36","30.00","29.97","48","13.42",,,,"0.00","   48","   18","   77",,,,,"69","51",,,"  290","  280",,,,,"33.1","40.0",,,,,,,,,"    1",,,,,,,,,,,
"USW00023234","2021-03-25",,,"43","29.84","29.82","49","18.79",,,,"0.00","   68","   52","   80",,,,,"60","48",,,"  290","  290",,,,,"35.1","40.9",,,,,,,,,"    1",,,,,,,,,,,
"USW00023234","2021-03-26",,,"39","30.05","30.04","48","7.16",,,,"0.00","   57","   27","   80",,,,,"71","45",,,"  280","  270",,,,,"23.0","27.1",,,,,,,,,"    1",,,,,,,,,,,
"USW00023234","2021-03-27",,,"41","30.25","30.22","50","8.05",,,,"0.00","   57","   18","   80",,,,,"77","46",,,"  290","  290",,,,,"19.9","21.9",,,,,,,,,,,,,,,,,,,,
"USW00023234","2021-03-28",,,"46","30.22","30.19","50","10.51",,,,"0.00","   71","   42","   86",,,,,"68","48",,,"  300","  300",,,,,"28.0","30.0",,,,,,,,,,,,,,,,,,,,
"USW00023234","2021-03-29",,,"43","30.03","30.00","49","13.20",,,,"0.00","   66","   48","   83",,,,,"63","48",,,"  270","  280",,,,,"21.9","30.0",,,,,,,,,,,,,,,,,,,,
"USW00023234","2021-03-30",,,"36","30.02","30.00","50","4.92",,,,"0.00","   43","   14","   77",,,,,"77","49",,,"  280","  280",,,,,"19.9","23.0",,,,,,,,,,,,,,,,,,,,
"USW00023234","2021-03-31",,,"37","30.08","30.06","52","5.82",,,,"0.00","   36","   17","   75",,,,,"81","54",,,"  290","  280",,,,,"13.0","14.1",,,,,,,,,,,,,,,,,,,,
"USW00023234","2021-04-01",,,"39","29.95","29.92","52","6.71",,,,"0.00","   41","   15","   67",,,,,"84","54",,,"  300","  280",,,,,"23.0","25.9",,,,,,,,,"    1",,,,,,,,,,,
"USW00023234","2021-04-02",,,"45","30.02","30.00","50","14.54",,,,"0.00","   70","   56","   83",,,,,"70","50",,,"  300","  280",,,,,"25.1","30.0",,,,,,,,,"    1",,,,,,,,,,,
"USW00023234","2021-04-03",,,"41","30.17","30.15","48","11.41",,,,"0.00","   60","   48","   69",,,,,"63","51",,,"  290","  280",,,,,"23.0","28.0",,,,,,,,,,,,,,,,,,,,
"USW00023234","2021-04-04",,,"42","30.17","30.14","49","12.97",,,,"0.00","   59","   52","   72",,,,,"62","52",,,"  290","  290",,,,,"23.9","28.0",,,,,,,,,,,,,,,,,,,,
"USW00023234","2021-04-05",,,"43","30.06","30.04","49","11.86",,,,"0.00","   68","   61","   77",,,,,"57","52",,,"  280","  280",,,,,"19.9","23.9",,,,,,,,,"    1",,,,,,,,,,,
"USW00023234","2021-04-06",,,"43","30.08","30.06","49","12.30",,,,"0.00","   67","   56","   74",,,,,"63","50",,,"  280","  280",,,,,"25.9","32.0",,,,,,,,,"    1",,,,,,,,,,,
"USW00023234","2021-04-07",,,"42","30.18","30.16","48","16.55",,,,"0.00","   66","   54","   74",,,,,"59","50",,,"  280","  280",,,,,"31.1","36.0",,,,,,,,,,,,,,,,,,,,
"USW00023234","2021-04-08",,,"43","30.16","30.14","49","17.22",,,,"0.00","   64","   50","   74",,,,,"62","51",,,"  280","  270",,,,,"25.1","31.1",,,,,,,,,,,,,,,,,,,,
"USW00023234","2021-04-09",,,"43","30.13","30.11","48","21.92",,,,"0.00","   68","   58","   77",,,,,"59","50",,,"  280","  280",,,,,"35.1","38.9",,,,,,,,,,,,,,,,,,,,
"USW00023234","2021-04-10",,,"42","30.05","30.03","49","15.43",,,,"0.00","   63","   45","   74",,,,,"64","49",,,"  280","  270",,,,,"30.0","34.0",,,,,,,,,,,,,,,,,,,,
"USW00023234","2021-04-11",,,"43","29.90","29.88","49","9.84",,,,"0.00","   66","   50","   77",,,,,"68","48",,,"  280","  280",,,,,"32.0","36.0",,,,,,,,,,,,,,,,,,,,
"USW00023234","2021-04-12",,,"45","29.85","29.83","50","10.74",,,,"0.00","   69","   52","   80",,,,,"66","48",,,"  300","  300",,,,,"23.0","28.0",,,,,,,,,,,,,,,,,,,,
"USW00023234","2021-04-13",,,"43","29.86","29.85","49","16.11",,,,"0.00","   66","   56","   75",,,,,"61","51",,,"  270","  270",,,,,"36.0","40.0",,,,,,,,,,,,,,,,,,,,
"USW00023234","2021-04-14",,,"44","29.96","29.93","50","8.05",,,,"0.00","   63","   42","   77",,,,,"69","49",,,"  270","  270",,,,,"21.9","27.1",,,,,,,,,,,,,,,,,,,,
"USW00023234","2021-04-15",,,"43","30.04","30.02","49","10.51",,,,"0.00","   64","   46","   74",,,,,"65","47",,,"  290","  300",,,,,"21.9","27.1",,,,,,,,,,,,,,,,,,,,
"USW00023234","2021-04-16",,,"44","30.03","30.01","49","14.54",,,,"0.00","   70","   58","   80",,,,,"60","48",,,"  280","  290",,,,,"25.9","32.0",,,,,,,,,,,,,,,,,,,,
"USW00023234","2021-04-17",,,"46","30.05","30.03","50","15.21",,,,"0.00","   71","   52","   80",,,,,"62","51",,,"  290","  290",,,,,"30.0","34.0",,,,,,,,,,,,,,,,,,,,
"USW00023234","2021-04-18",,,"46","30.10","30.08","52","11.63",,,,"0.00","   66","   35","   86",,,,,"76","48",,,"  290","  290",,,,,"30.0","35.1",,,,,,,,,,,,,,,,,,,,
"USW00023234","2021-04-19",,,"46","30.08","30.06","50","14.76",,,,"0.00","   70","   54","   83",,,,,"63","50",,,"  280","  280",,,,,"30.0","38.9",,,,,,,,,,,,,,,,,,,,
"USW00023234","2021-04-20",,,"46","29.91","29.89","50","19.91",,,,"0.00","   73","   62","   80",,,,,"60","53",,,"  280","  270",,,,,"48.1","57.9",,,,,,,,,,,,,,,,,,,,
"USW00023234","2021-04-21",,,"46","29.88","29.86","50","9.17",,,,"0.00","   69","   54","   77",,,,,"64","51",,,"  270","  270",,,,,"25.9","31.1",,,,,,,,,,,,,,,,,,,,
"USW00023234","2021-04-22",,,"45","29.96","29.93","50","10.74",,,,"0.00","   70","   58","   77",,,,,"62","50",,,"  280","  270",,,,,"25.9","30.0",,,,,,,,,"    1",,,,,,,,,,,
"USW00023234","2021-04-23",,,"45","30.01","29.99","51","10.51",,,,"0.00","   67","   50","   80",,,,,"68","52",,,"  280","  280",,,,,"25.9","31.1",,,,,,,,,"    1",,,,,,,,,,,
"USW00023234","2021-04-24",,,"45","30.01","29.99","51","9.17",,,,"0.00","   65","   43","   87",,,,,"66","51",,,"  270","  270",,,,,"21.9","23.9",,,"    1",,,,,,"    1",,,,,,,,,,,
"USW00023234","2021-04-25",,,"45","29.90","29.88","50","10.07",,,,"0.00","   70","   54","   80",,,,,"60","51",,,"  210","  210",,,,,"23.0","28.0",,,,,,,,,"    1",,,,,,,,,,,
"USW00023234","2021-04-26",,,"42","29.93","29.91","49","14.76",,,,"0.00","   62","   44","   77",,,,,"62","49",,,"  280","  280",,,,,"28.0","34.0",,,,,,,,,"    1",,,,,,,,,,,
"USW00023234","2021-04-27",,,"44","30.03","30.01","51","11.86",,,,"0.00","   61","   32","   80",,,,,"70","48",,,"  280","  280",,,,,"31.1","36.9",,,,,,,,,"    1",,,,,,,,,,,
"USW00023234","2021-04-28",,,"46","30.17","30.15","54","10.29",,,,"0.00","   59","   29","   80",,,,,"83","50",,,"  290","  290",,,,,"25.9","30.0",,,,,,,,,"    1",,,,,,,,,,,
"USW00023234","2021-04-29",,,"47","30.21","30.19","52","15.88",,,,"0.00","   69","   60","   83",,,,,"63","52",,,"  290","  290",,,,,"29.1","34.0",,,,,,,,,"    1",,,,,,,,,,,
"USW00023234","2021-04-30",,,"48","30.14","30.11","52","15.88",,," 1411","0.00","   73","   63","   83",,,,,"62","53",,,"  280","  280",,,,,"29.1","35.1",,,,,,,,,,,,,,,,,,,,
"USW00023234","2021-05-01",,,"49","30.02","29.99","52","21.03",,,,"0.00","   77","   69","   87",,,,,"61","53",,,"  280","  280",,,,,"44.1","53.9",,,"    1",,,,,,"    1",,,,,,,,,,,
"USW00023234","2021-05-02",,,"46","29.94","29.91","52","21.25",,,,"0.00","   67","   51","   80",,,,,"67","52",,,"  280","  290",,,,,"40.0","48.1",,,,,,,,,"    1",,,,,,,,,,,
"USW00023234","2021-05-03",,,"46","29.93","29.91","54","12.75",,,,"0.00","   59","   32","   83",,,,,"77","50",,,"  280","  280",,,,,"31.1","35.1",,,,,,,,,"    1",,,,,,,,,,,
"USW00023234","2021-05-04",,,"48","29.94","29.93","54","15.21",,,,"0.00","   63","   44","   80",,,,,"72","54",,,"  290","  300",,,,,"30.0","34.0",,,,,,,,,"    1",,,,,,,,,,,
"USW00023234","2021-05-05",,,"48","29.94","29.92","52","13.42",,,,"0.00","   71","   49","   83",,,,,"70","51",,,"  290","  290",,,,,"33.1","36.9",,,,,,,,,"    1",,,,,,,,,,,
"USW00023234","2021-05-06",,,"47","30.06","30.04","51","17.67",,,,"0.00","   74","   62","   83",,,,,"64","50",,,"  280","  270",,,,,"32.0","38.9",,,,,,,,,"    1",,,,,,,,,,,
"USW00023234","2021-05-07",,,"44","30.04","30.01","51","19.01",,,,"0.00","   62","   46","   80",,,,,"66","52",,,"  280","  280",,,,,"35.1","42.9",,,,,,,,,"    1",,,,,,,,,,,
"USW00023234","2021-05-08",,,"42","30.00","29.98","52","14.54",,,,"0.00","   49","   22","   75",,,,,"79","50",,,"  280","  280",,,,,"31.1","35.1",,,,,,,,,"    1",,,,,,,,,,,
"USW00023234","2021-05-09",,,"45","29.92","29.90","53","17.67",,,,"0.00","   57","   31","   77",,,,,"76","54",,,"  280","  280",,,,,"32.0","36.9",,,,,,,,,"    1",,,,,,,,,,,
"USW00023234","2021-05-10",,,"46","29.87","29.85","54","10.96",,,,"0.00","   56","   23","   80",,,,,"84","52",,,"  290","  280",,,,,"28.0","32.0",,,,,,,,,"    1",,,,,,,,,,,
"USW00023234","2021-05-11",,,"48","29.90","29.88","53","11.86",,,,"0.00","   68","   47","   83",,,,,"72","51",,,"  300","  300",,,,,"25.1","29.1",,,"    1",,,,,,"    1",,,,,,,,,,,
"USW00023234","2021-05-12",,,"49","29.99","29.98","53","12.53",,,,"0.00","   75","   55","   89",,,,,"68","50",,,"  300","  300",,,,,"25.1","30.0",,,"    1",,,,,,"    1",,,,,,,,,,,
"USW00023234","2021-05-13",,,"48","30.03","30.01","52","11.86",,,,"0.00","   72","   53","   83",,,,,"68","52",,,"  300","  290",,,,,"23.9","30.0",,,,,,,,,"    1",,,,,,,,,,,
"USW00023234","2021-05-14",,,"47","29.96","29.94","51","16.11",,,,"0.00","   74","   62","   80",,,,,"61","52",,,"  260","  270",,,,,"33.1","40.0",,,,,,,,,"    1",,,,,,,,,,,
"USW00023234","2021-05-15",,,"47","29.90","29.88","51","10.07",,,,"0.00","   73","   54","   86",,,,,"64","52",,,"  270","  260",,,,,"25.1","31.1",,,"    1",,,,,,"    1",,,,,,,,,,,
"USW00023234","2021-05-16",,,"47","29.96","29.93","52","10.29",,,,"0.00","   67","   52","   77",,,,,"67","53",,,"  270","  270",,,,,"21.9","28.0",,,,,,,,,,,,,,,,,,,,
"USW00023234","2021-05-17",,,"47","30.06","30.04","52","14.76",,,,"0.00","   70","   60","   77",,,,,"62","53",,,"  270","  280",,,,,"28.0","35.1",,,,,,,,,,,,,,,,,,,,
"USW00023234","2021-05-18",,,"46","30.07","30.04","52","18.12",,,,"0.00","   64","   47","   77",,,,,"68","54",,,"  280","  280",,,,,"36.9","45.0",,,,,,,,,,,,,,,,,,,,
"USW00023234","2021-05-19",,,"43","29.99","29.96","50","30.20",,,,"0.00","   63","   50","   72",,,,,"62","52",,,"  280","  280",,,,,"48.1","57.0",,,,,,,,,,,,,,,,,,,,
"USW00023234","2021-05-20",,,"41","30.03","30.00","49","21.03",,,,"0.00","   56","   41","   72",,,,,"65","50",,,"  280","  280",,,,,"38.9","45.0",,,,,,,,,,,,,,,,,,,,
"USW00023234","2021-05-21",,,"43","30.00","29.98","50","17.90",,,,"0.00","   60","   43","   74",,,,,"64","51",,,"  270","  270",,,,,"32.0","38.9",,,,,,,,,,,,,,,,,,,,
"USW00023234","2021-05-22",,,"45","30.06","30.04","51","10.51",,,,"0.00","   65","   41","   77",,,,,"70","49",,,"  270","  280",,,,,"25.9","31.1",,,,,,,,,,,,,,,,,,,,
"USW00023234","2021-05-23",,,"47","30.14","30.12","52","14.54",,,,"0.00","   68","   52","   80",,,,,"65","53",,,"  280","  280",,,,,"25.9","31.1",,,,,,,,,,,,,,,,,,,,
"USW00023234","2021-05-24",,,"48","30.11","30.10","52","19.01",,,,"0.00","   71","   54","   84",,,,,"65","51",,,"  280","  280",,,,,"36.0","44.1",,,,,,,,,,,,,,,,,,,,
"USW00023234","2021-05-25",,,"49","30.07","30.06","53","18.79",,,,"0.00","   69","   56","   90",,,,,"65","54",,,"  270","  270",,,,,"31.1","38.0",,,,,,,,,,,,,,,,,,,,
"USW00023234","2021-05-26",,,"47","30.05","30.03","52","14.76",,,,"0.00","   67","   52","   80",,,,,"66","52",,,"  270","  270",,,,,"33.1","42.1",,,,,,,,,,,,,,,,,,,,
"USW00023234","2021-05-27",,,"49","30.09","30.06","54","19.24",,,,"0.00","   67","   55","   78",,,,,"68","53",,,"  270","  280",,,,,"36.9","46.1",,,,,,,,,,,,,,,,,,,,
"USW00023234","2021-05-28",,,"48","30.02","29.99","53","13.20",,,,"0.00","   67","   51","   80",,,,,"68","54",,,"  270","  260",,,,,"23.0","33.1",,,,,,,,,,,,,,,,,,,,
"USW00023234","2021-05-29",,,"48","29.97","29.94","52","14.54",,,,"0.00","   75","   65","   80",,,,,"60","54",,,"  280","  270",,,,,"23.9","31.1",,,,,,,,,,,,,,,,,,,,
"USW00023234","2021-05-30",,,"49","29.89","29.87","54","11.63",,,,"0.00","   66","   47","   77",,,,,"73","53",,,"  300","  300",,,,,"29.1","33.1",,,,,,,,,,,,,,,,,,,,
"USW00023234","2021-05-31",,,"50","29.89","29.87","56","10.51",,,,"0.00","   62","   41","   78",,,,,"76","52",,,"  300","  300",,,,,"23.9","27.1",,,,,,,,,,,,,,,,,,,,
"USW00023234","2021-06-01",,,"51","29.93","29.91","56","13.42",,,,"0.00","   73","   53","   84",,,,,"72","54",,,"  300","  300",,,,,"25.1","30.0",,,,,,,,,,,,,,,,,,,,
"USW00023234","2021-06-02",,,"50","29.90","29.88","54","13.87",,,,"0.00","   71","   55","   83",,,,,"67","53",,,"  290","  290",,,,,"25.9","31.1",,,,,,,,,,,,,,,,,,,,
"USW00023234","2021-06-03",,,"51","29.86","29.83","56","12.08",,,,"0.00","   67","   49","   81",,,,,"72","54",,,"  310","  310",,,,,"25.1","29.1",,,,,,,,,,,,,,,,,,,,
"USW00023234","2021-06-04",,,"50","29.94","29.92","55","12.75",,,,"0.00","   68","   54","   84",,,,,"68","56",,,"  280","  290",,,,,"25.1","31.1",,,,,,,,,,,,,,,,,,,,
"USW00023234","2021-06-05",,,"48","29.89","29.87","55","11.18",,,,"0.00","   57","   40","   72",,,,,"74","55",,,"  300","  290",,,,,"23.9","28.0",,,,,,,,,,,,,,,,,,,,
"USW00023234","2021-06-06",,,"46","29.84","29.82","53","16.78",,,,"0.00","   57","   40","   70",,,,,"73","55",,,"  280","  270",,,,,"40.0","48.1",,,,,,,,,,,,,,,,,,,,
"USW00023234","2021-06-07",,,"46","29.90","29.88","53","22.82",,,,"0.00","   62","   47","   74",,,,,"66","55",,,"  270","  280",,,,,"38.0","45.0",,,,,,,,,,,,,,,,,,,,
"USW00023234","2021-06-08",,,"46","30.06","30.04","53","16.55",,,,"0.00","   61","   43","   75",,,,,"67","55",,,"  270","  280",,,,,"28.0","33.1",,,,,,,,,,,,,,,,,,,,
"USW00023234","2021-06-09",,,"47","30.16","30.14","53","15.66",,,,"0.00","   62","   45","   74",,,,,"67","55",,,"  270","  280",,,,,"25.1","31.1",,,,,,,,,,,,,,,,,,,,
"USW00023234","2021-06-10",,,"47","30.21","30.19","54","15.88",,,,"0.00","   62","   40","   77",,,,,"69","55",,,"  280","  280",,,,,"32.0","36.9",,,,,,,,,,,,,,,,,,,,
"USW00023234","2021-06-11",,,"49","30.08","30.06","56","11.41",,,,"0.00","   60","   35","   81",,,,,"73","55",,,"  290","  280",,,,,"21.9","25.9",,,,,,,,,,,,,,,,,,,,
"USW00023234","2021-06-12",,,"58","29.97","29.95","62","12.53",,,,"0.00","   73","   50","   84",,,,,"78","62",,,"  280","  280",,,,,"30.0","34.0",,,"    1",,,,,,,,,,,,,,,,,
"USW00023234","2021-06-13",,,"58","29.96","29.94","62","10.29",,,,"0.00","   70","   50","   84",,,,,"77","57",,,"  270","  270",,,,,"25.1","31.1",,,"    1",,,,,,,,,,,,,,,,,
"USW00023234","2021-06-14",,,"56","30.05","30.03","60","13.87",,,,"0.00","   70","   50","   84",,,,,"73","60",,,"  280","  280",,,,,"30.0","38.9",,,"    1",,,,,,,,,,,,,,,,,
"USW00023234","2021-06-15",,,"51","30.09","30.06","57","19.91",,,,"0.00","   62","   44","   83",,,,,"74","56",,,"  280","  290",,,,,"31.1","36.0",,,,,,,,,,,,,,,,,,,,
"USW00023234","2021-06-16",,,"51","29.94","29.92","59","11.86",,,,"0.00","   53","   30","   72",,,,,"86","58",,,"  290","  290",,,,,"31.1","36.0",,,,,,,,,,,,,,,,,,,,
"USW00023234","2021-06-17",,,"51","29.78","29.76","60","11.63",,,,"0.00","   52","   30","   63",,,,,"90","62",,,"  300","  300",,,,,"31.1","36.0",,,,,,,,,,,,,,,,,,,,
"USW00023234","2021-06-18",,,"52","29.72","29.70","59","11.41",,,,"0.00","   55","   36","   72",,,,,"84","60",,,"  300","  300",,,,,"23.0","25.9",,,,,,,,,,,,,,,,,,,,
"USW00023234","2021-06-19",,,"53","29.75","29.72","59","9.62",,,,"0.00","   64","   43","   75",,,,,"79","60",,,"  320","  310",,,,,"21.9","25.1",,,,,,,,,,,,,,,,,,,,
"USW00023234","2021-06-20",,,"53","29.83","29.81","59","9.84",,,,"0.00","   66","   50","   78",,,,,"76","58",,,"  330","  330",,,,,"23.0","23.0",,,,,,,,,,,,,,,,,,,,
"USW00023234","2021-06-21",,,"53","29.92","29.90","59","7.61",,,,"0.00","   62","   48","   75",,,,,"75","60",,,"  200","  260",,,,,"15.0","19.9",,,,,,,,,,,,,,,,,,,,
"USW00023234","2021-06-22",,,"54","29.89","29.88","60","11.63",,,,"0.00","   60","   46","   73",,,,,"76","64",,,"  220","  210",,,,,"25.9","33.1",,,,,,,,,,,,,,,,,,,,
"USW00023234","2021-06-23",,,"53","29.93","29.91","59","10.51",,,,"0.00","   62","   50","   76",,,,,"74","62",,,"  230","  230",,,,,"23.9","28.0",,,,,,,,,,,,,,,,,,,,
"USW00023234","2021-06-24",,,"53","30.02","30.00","58","13.65",,,,"0.00","   64","   50","   78",,,,,"75","61",,,"  290","  280",,,,,"25.1","29.1",,,,,,,,,,,,,,,,,,,,
"USW00023234","2021-06-25",,,"53","30.00","29.98","57","13.42",,,,"0.00","   71","   57","   81",,,,,"71","58",,,"  290","  300",,,,,"25.9","32.0",,,,,,,,,,,,,,,,,,,,
"USW00023234","2021-06-26",,,"54","29.92","29.89","58","15.43",,,,"0.00","   71","   57","   83",,,,,"70","59",,,"  300","  300",,,,,"25.9","33.1",,,,,,,,,,,,,,,,,,,,
"USW00023234","2021-06-27",,,"54","29.83","29.81","58","14.32",,,,"0.00","   73","   57","   81",,,,,"71","60",,,"  290","  280",,,,,"23.9","30.0",,,,,,,,,,,,,,,,,,,,
"USW00023234","2021-06-28",,,"54","29.82","29.80","58","16.11",,,,"0.00","   75","   61","   83",,,,,"69","59",,,"  270","  270",,,,,"29.1","34.0",,,,,,,,,,,,,,,,,,,,
"USW00023234","2021-06-29",,,"55","29.81","29.80","59","15.66",,,,"0.00","   71","   57","   83",,,,,"71","59",,,"  280","  290",,,,,"25.9","33.1",,,,,,,,,,,,,,,,,,,,
"USW00023234","2021-06-30",,,"55","29.89","29.86","59","14.32",,,,"0.00","   70","   55","   81",,,,,"72","60",,,"  270","  270",,,,,"23.9","30.0",,,,,,,,,,,,,,,,,,,,
"USW00023234","2021-07-01",,,"55","29.91","29.88","60","12.75",,,,"0.00","   67","   50","   78",,,,,"76","61",,,"  280","  290",,,,,"23.9","27.1",,,,,,,,,,,,,,,,,,,,
"USW00023234","2021-07-02",,,"54","29.92","29.90","59","12.30",,,,"0.00","   67","   50","   75",,,,,"78","60",,,"  290","  300",,,,,"28.0","32.0",,,,,,,,,,,,,,,,,,,,
"USW00023234","2021-07-03",,,"54","29.94","29.92","59","12.53",,,,"0.00","   67","   51","   78",,,,,"75","61",,,"  300","  300",,,,,"23.0","28.0",,,,,,,,,,,,,,,,,,,,
"USW00023234","2021-07-04",,,"54","29.97","29.95","59","9.40",,,,"0.00","   65","   47","   80",,,,,"77","60",,,"  300","  300",,,,,"19.9","25.1",,,,,,,,,,,,,,,,,,,,
"USW00023234","2021-07-05",,,"53","29.99","29.97","58","12.30",,,,"0.00","   67","   53","   78",,,,,"73","60",,,"  300","  300",,,,,"23.9","29.1",,,,,,,,,,,,,,,,,,,,
"USW00023234","2021-07-06",,,"53","30.01","29.99","57","17.00",,,,"0.00","   72","   59","   81",,,,,"69","59",,,"  280","  270",,,,,"32.0","40.9",,,,,,,,,"    1",,,,,,,,,,,
"USW00023234","2021-07-07",,,"52","29.93","29.90","56","15.88",,,,"0.00","   73","   61","   84",,,,,"67","57",,,"  280","  280",,,,,"28.0","34.0",,,,,,,,,"    1",,,,,,,,,,,
"USW00023234","2021-07-08",,,"53","29.83","29.81","58","9.62",,,,"0.00","   63","   45","   75",,,,,"74","59",,,"  300","  300",,,,,"23.9","28.0",,,,,,,,,"    1",,,,,,,,,,,
"USW00023234","2021-07-09",,,"53","29.89","29.88","58","15.66",,,,"0.00","   64","   48","   81",,,,,"75","58",,,"  300","  300",,,,,"25.9","31.1",,,,,,,,,"    1",,,,,,,,,,,
"USW00023234","2021-07-10",,,"52","29.92","29.90","57","17.67",,,,"0.00","   69","   51","   83",,,,,"72","57",,,"  310","  300",,,,,"25.1","32.0",,,,,,,,,,,,,,,,,,,,
"USW00023234","2021-07-11",,,"51","29.91","29.88","56","17.00",,,,"0.00","   69","   53","   81",,,,,"70","57",,,"  290","  290",,,,,"31.1","35.1",,,,,,,,,"    1",,,,,,,,,,,
"USW00023234","2021-07-12",,,"51","29.91","29.89","56","15.21",,,,"0.00","   69","   55","   78",,,,,"69","57",,,"  290","  270",,,,,"23.0","28.0",,,,,,,,,"    1",,,,,,,,,,,
"USW00023234","2021-07-13",,,"51","29.91","29.89","55","13.87",,,,"0.00","   71","   46","   83",,,,,"76","55",,,"  270","  270",,,,,"25.1","29.1",,,,,,,,,"    1",,,,,,,,,,,
"USW00023234","2021-07-14",,,"52","29.93","29.91","56","9.62",,,,"0.00","   71","   50","   84",,,,,"73","55",,,"  290","  290",,,,,"23.9","25.9",,,,,,,,,"    1",,,,,,,,,,,
"USW00023234","2021-07-15",,,"50","29.99","29.96","54","15.21",,,,"0.00","   76","   60","   87",,,,,"65","54",,,"  280","  280",,,,,"25.9","32.0",,,,,,,,,"    1",,,,,,,,,,,
"USW00023234","2021-07-16",,,"52","29.93","29.91","55","10.51",,,,"0.00","   75","   57","   87",,,,,"70","55",,,"  300","  300",,,,,"25.1","28.0",,,,,,,,,"    1",,,,,,,,,,,
"USW00023234","2021-07-17",,,"53","29.93","29.91","56","11.41",,,,"0.00","   76","   55","   90",,,,,"72","54",,,"  300","  300",,,,,"25.1","31.1",,,,,,,,,"    1",,,,,,,,,,,
"USW00023234","2021-07-18",,,"53","29.97","29.95","57","12.97",,,,"0.00","   76","   53","   90",,,,,"74","55",,,"  290","  290",,,,,"30.0","34.0",,,,,,,,,"    1",,,,,,,,,,,
"USW00023234","2021-07-19",,,"53","30.01","29.98","56","12.97",,,,"0.00","   75","   55","   87",,,,,"70","56",,,"  300","  290",,,,,"29.1","34.0",,,,,,,,,"    1",,,,,,,,,,,
"USW00023234","2021-07-20",,,"52","30.01","29.98","56","12.97",,,,"0.00","   75","   65","   87",,,,,"66","55",,,"  280","  290",,,,,"30.0","36.9",,,"    1",,,,,,"    1",,,,,,,,,,,
"USW00023234","2021-07-21",,,"51","29.93","29.91","56","13.20",,,,"0.00","   72","   55","   87",,,,,"68","55",,,"  300","  300",,,,,"23.0","28.0",,,"    1",,,,,,"    1",,,,,,,,,,,
"USW00023234","2021-07-22",,,"51","29.95","29.93","55","13.87",,,,"0.00","   72","   61","   84",,,,,"66","55",,,"  300","  300",,,,,"25.9","30.0",,,,,,,,,"    1",,,,,,,,,,,
"USW00023234","2021-07-23",,,"52","29.99","29.96","56","9.84",,,,"0.00","   73","   51","   87",,,,,"75","53",,,"  300","  300",,,,,"21.9","25.1",,,"    1",,,,,,"    1",,,,,,,,,,,
"USW00023234","2021-07-24",,,"53","29.97","29.95","56","11.41",,,,"0.00","   76","   57","   90",,,,,"70","55",,,"  310","  300",,,,,"21.0","25.9",,,,,,,,,,,,,,,,,,,,
"USW00023234","2021-07-25",,,"54","29.92","29.90","57","11.41",,,,"0.00","   76","   57","   90",,,,,"71","56",,,"  310","  300",,,,,"21.9","25.1",,,,,,,,,,,,,,,,,,,,
"USW00023234","2021-07-26",,,"54","29.92","29.90","58","7.38",,,,"0.00","   74","   45","   87",,,,,"75","57",,,"  310",,,,,,"15.0",,,,,,,,,,,,,,,,,,,,,
"USW00023234","2021-07-27",,,"55","29.97","29.96","59","11.41",,,,"0.00","   73","   48","   87",,,,,"75","58",,,"  310",,,,,,"23.9",,,,,,,,,,,,,,,,,,,,,
"USW00023234","2021-07-28",,,"55","30.00","29.98","58","14.09",,,,"0.00","   79","   59","   93",,,,,"74","56",,,"  300","  300",,,,,"29.1","32.0",,,,,,,,,,,,,,,,,,,,
"USW00023234","2021-07-29",,,"56","29.93","29.90","59","12.30",,,,"0.00","   79","   59","   93",,,,,"72","57",,,"  310","  310",,,,,"23.0","28.0",,,,,,,,,,,,,,,,,,,,
"USW00023234","2021-07-30",,,"56","29.92","29.90","59","12.08",,,,"0.00","   79","   59","   93",,,,,"71","56",,,"  300","  310",,,,,"23.0","28.0",,,,,,,,,,,,,,,,,,,,
"USW00023234","2021-07-31",,,"56","30.01","29.98","60","9.40",,,,"0.00","   75","   59","   87",,,,,"75","58",,,"  300","  310",,,,,"21.0","23.9",,,,,,,,,,,,,,,,,,,,
"USW00023234","2021-08-01",,,"54","30.05","30.03","58","10.51",,,,"0.00","   68","   51","   87",,,,,"73","58",,,"  290","  290",,,,,"23.9","29.1",,,,,,,,,,,,,,,,,,,,
"USW00023234","2021-08-02",,,"53","30.07","30.04","57","13.42",,,,"0.00","   71","   53","   90",,,,,"71","55",,,"  290","  300",,,,,"25.1","29.1",,,,,,,,,,,,,,,,,,,,
"USW00023234","2021-08-03",,,"53","30.00","29.98","56","12.75",,,,"0.00","   79","   61","   93",,,,,"68","55",,,"  300","  310",,,,,"23.9","29.1",,,,,,,,,,,,,,,,,,,,
"USW00023234","2021-08-04",,,"54","29.97","29.96","57","11.41",,,,"0.00","   78","   63","   90",,,,,"68","56",,,"  290","  290",,,,,"28.0","33.1",,,,,,,,,,,,,,,,,,,,
"USW00023234","2021-08-05",,,"55","30.00","29.98","58","13.87",,,,"0.00","   79","   63","   90",,,,,"68","58",,,"  270","  270",,,,,"28.0","35.1",,,,,,,,,,,,,,,,,,,,
"USW00023234","2021-08-06",,,"56","29.94","29.91","59","10.74",,,,"0.00","   78","   55","   93",,,,,"75","58",,,"  300","  300",,,,,"25.1","30.0",,,,,,,,,,,,,,,,,,,,
"USW00023234","2021-08-07",,,"56","29.87","29.86","59","9.84",,,,"0.00","   79","   54","   93",,,,,"75","56",,,"  320","  320",,,,,"23.0","27.1",,,,,,,,,,,,,,,,,,,,
"USW00023234","2021-08-08",,,"56","29.86","29.84","59","10.74",,,,"0.00","   78","   56","   90",,,,,"74","57",,,"  300","  300",,,,,"23.9","28.0",,,,,,,,,,,,,,,,,,,,
"USW00023234","2021-08-09",,,"55","29.88","29.85","59","9.40",,,,"0.00","   73","   54","   87",,,,,"75","57",,,"  300","  300",,,,,"23.9","28.0",,,,,,,,,,,,,,,,,,,,
"USW00023234","2021-08-10",,,"55","29.92","29.90","59","11.63",,,,"0.00","   76","   55","   87",,,,,"75","58",,,"  300","  300",,,,,"28.0","31.1",,,,,,,,,,,,,,,,,,,,
"USW00023234","2021-08-11",,,"55","29.95","29.93","58","15.43",,,,"0.00","   78","   61","   93",,,,,"70","57",,,"  300","  300",,,,,"28.0","32.0",,,,,,,,,,,,,,,,,,,,
"USW00023234","2021-08-12",,,"56","29.97","29.96","59","13.42",,,,"0.00","   78","   59","   93",,,,,"71","59",,,"  300","  290",,,,,"25.1","32.0",,,,,,,,,,,,,,,,,,,,
"USW00023234","2021-08-13",,,"56","30.04","30.01","59","12.53",,,,"0.00","   76","   61","   87",,,,,"71","58",,,"  300","  310",,,,,"23.0","30.0",,,,,,,,,,,,,,,,,,,,
"USW00023234","2021-08-14",,,"57","30.04","30.02","59","12.97",,,,"0.00","   80","   68","   90",,,,,"70","58",,,"  300","  290",,,,,"25.9","31.1",,,,,,,,,,,,,,,,,,,,
"USW00023234","2021-08-15",,,"57","29.94","29.92","60","13.42",,,,"0.00","   80","   63","   93",,,,,"71","58",,,"  300","  300",,,,,"25.9","32.0",,,,,,,,,,,,,,,,,,,,
"USW00023234","2021-08-16",,,"55","29.81","29.79","59","18.12",,,,"0.00","   73","   50","   90",,,,,"73","58",,,"  270","  270",,,,,"38.9","44.1",,,,,,,,,,,,,,,,,,,,
"USW00023234","2021-08-17",,,"54","29.78","29.75","58","10.51",,,,"0.00","   67","   46","   84",,,,,"76","59",,,"  250","  280",,,,,"23.9","33.1",,,,,,,,,,,,,,,,,,,,
"USW00023234","2021-08-18",,,"54","29.84","29.82","58","7.38",,,,"0.00","   71","   50","   78",,,,,"75","58",,,"  300","  310",,,,,"18.1","23.0",,,,,,,,,,,,,,,,,,,,
"USW00023234","2021-08-19",,,"56","29.90","29.88","60","8.72",,,,"0.00","   75","   59","   87",,,,,"73","59",,,"  300","  290",,,,,"23.0","27.1",,,,,,,,,,,,,,,,,,,,
"USW00023234","2021-08-20",,,"57","29.82","29.80","60","6.26",,,,"0.00","   76","   61","   86",,,,,"73","60",,,"  310","  300",,,,,"16.1","19.9",,,,,,,,,,,,,,,,,,,,
"USW00023234","2021-08-21",,,"54","29.79","29.77","58","10.74",,,,"0.00","   72","   57","   83",,,,,"71","59",,,"  200","  210",,,,,"21.9","25.9",,,,,,,,,,,,,,,,,,,,
"USW00023234","2021-08-22",,,"53","29.82","29.80","58","8.05",,,,"0.00","   72","   53","   84",,,,,"73","58",,,"  330","  330",,,,,"17.0","21.0",,,,,,,,,,,,,,,,,,,,
"USW00023234","2021-08-23",,,"53","29.85","29.83","57","6.71",,,,"0.00","   74","   53","   87",,,,,"73","56",,,"  280","  290",,,,,"16.1","19.0",,,,,,,,,,,,,,,,,,,,
"USW00023234","2021-08-24",,,"52","29.92","29.91","57","8.50",,,,"0.00","   70","   55","   81",,,,,"71","56",,,"  300","  290",,,,,"18.1","21.9",,,,,,,,,,,,,,,,,,,,
"USW00023234","2021-08-25",,,"53","29.99","29.96","56","11.18",,,,"0.00","   75","   59","   87",,,,,"69","56",,,"  290","  290",,,,,"23.9","28.0",,,,,,,,,"    1",,,,,,,,,,,
"USW00023234","2021-08-26",,,"54","29.92","29.90","58","9.40",,,,"0.00","   71","   50","   83",,,,,"77","55",,,"  300","  300",,,,,"25.1","30.0",,,,,,,,,"    1",,,,,,,,,,,
"USW00023234","2021-08-27",,,"55","29.75","29.72","61","9.17",,,,"0.00","   65","   29","   84",,,,,"88","59",,,"  300","  290",,,,,"21.0","23.9",,,"    1",,,,,,"    1",,,,,,,,,,,
"USW00023234","2021-08-28",,,"57","29.72","29.70","62","9.17",,,,"0.00","   67","   34","   81",,,,,"89","60",,,"  300","  300",,,,,"23.9","28.0",,,,,,,,,"    1",,,,,,,,,,,
"USW00023234","2021-08-29",,,"57","29.79","29.77","59","13.87",,,,"0.00","   79","   57","   93",,,,,"75","58",,,"  300","  300",,,,,"25.1","31.1",,,"    1",,,,,,"    1",,,,,,,,,,,
"USW00023234","2021-08-30",,,"54","29.74","29.72","57","11.86",,,,"0.00","   77","   61","   93",,,,,"71","56",,,"  300","  300",,,,,"29.1","32.0",,,"    1",,,,,,"    1",,,,,,,,,,,
"USW00023234","2021-08-31",,,"52","29.72","29.70","57","8.50",,,,"0.00","   68","   53","   81",,,,,"74","55",,,"  330","  320",,,,,"23.9","27.1",,,,,,,,,"    1",,,,,,,,,,,
"USW00023234","2021-09-01",,,"51","29.83","29.80","56","9.62",,,,"0.00","   68","   51","   83",,,,,"71","55",,,"  260","  260",,,,,"18.1","23.0",,,,,,,,,"    1",,,,,,,,,,,
"USW00023234","2021-09-02",,,"52","29.93","29.91","56","8.50",,,,"0.00","   72","   59","   81",,,,,"69","57",,,"  300","  280",,,,,"21.9","25.1",,,,,,,,,"    1",,,,,,,,,,,
"USW00023234","2021-09-03",,,"52","29.95","29.93","56","10.96",,,,"0.00","   76","   61","   90",,,,,"67","55",,,"  300","  300",,,,,"23.0","27.1",,,,,,,,,,,,,,,,,,,,
"USW00023234","2021-09-04",,,"53","29.94","29.91","56","11.63",,,,"0.00","   79","   52","   90",,,,,"73","54",,,"  300","  300",,,,,"25.1","29.1",,,,,,,,,,,,,,,,,,,,
"USW00023234","2021-09-05",,,"54","29.92","29.91","57","10.51",,,,"0.00","   77","   48","   96",,,,,"78","53",,,"  310","  320",,,,,"25.1","30.0",,,"    1",,,,,,,,,,,,,,,,,
"USW00023234","2021-09-06",,,"54","29.93","29.91","59","10.51",,,,"0.00","   69","   34","   90",,,,,"82","55",,,"  300","  300",,,,,"21.9","25.9",,,,,,,,,,,,,,,,,,,,
"USW00023234","2021-09-07",,,"56","29.93","29.91","59","13.20",,,,"0.00","   74","   48","   93",,,,,"75","58",,,"  300","  300",,,,,"25.9","30.0",,,,,,,,,,,,,,,,,,,,
"USW00023234","2021-09-08",,,"56","29.87","29.85","59","15.43",,,,"0.00","   75","   54","   84",,,,,"75","60",,,"  300","  300",,,,,"29.1","32.0",,,,,,,,,,,,,,,,,,,,
"USW00023234","2021-09-09",,,"55","29.85","29.83","58","14.32",,,,"0.00","   78","   63","   90",,,,,"69","58",,,"  340","  300",,,,,"25.1","28.0",,,,,,,,,,,,,,,,,,,,
"USW00023234","2021-09-10",,,"56","29.97","29.95","58","11.86",,,,"0.00","   79","   65","   90",,,,,"68","59",,,"  320","  310",,,,,"21.0","25.9",,,,,"    1",,,,,,,,,,,,,,,
"USW00023234","2021-09-11",,,"54","29.99","29.97","58","12.30",,,,"0.00","   76","   59","   90",,,,,"70","57",,,"  300","  300",,,,,"25.1","29.1",,,,,,,,,,,,,,,,,,,,
"USW00023234","2021-09-12",,,"55","29.94","29.91","58","11.63",,,,"0.00","   77","   52","   93",,,,,"75","55",,,"  300","  300",,,,,"23.9","30.0",,,,,,,,,,,,,,,,,,,,
"USW00023234","2021-09-13",,,"53","29.87","29.85","57","13.20",,,,"0.00","   73","   53","   84",,,,,"72","58",,,"  300","  300",,,,,"23.0","28.0",,,,,,,,,,,,,,,,,,,,
"USW00023234","2021-09-14",,,"54","29.88","29.85","57","10.74",,,,"0.00","   79","   57","   93",,,,,"72","54",,,"  300","  300",,,,,"25.1","30.0",,,,,,,,,,,,,,,,,,,,
"USW00023234","2021-09-15",,,"53","29.89","29.87","57","8.72",,,,"0.00","   76","   57","   90",,,,,"70","57",,,"  300","  300",,,,,"21.0","23.0",,,,,,,,,,,,,,,,,,,,
"USW00023234","2021-09-16",,,"52","29.85","29.83","56","6.71",,,,"0.00","   75","   61","   83",,,,,"68","55",,,"  260","  290",,,,,"17.0","23.9",,,,,,,,,,,,,,,,,,,,
"USW00023234","2021-09-17",,,"52","29.95","29.93","56","8.50",,,,"0.00","   71","   55","   81",,,,,"70","55",,,"  260","  220",,,,,"16.1","19.9",,,,,,,,,,,,,,,,,,,,
"USW00023234","2021-09-18",,,"55","30.05","30.03","59","6.93",,,,"0.00","   75","   64","   84",,,,,"71","57",,,"  250","  260",,,,,"21.0","25.1",,,,,,,,,,,,,,,,,,,,
"USW00023234","2021-09-19",,,"55","30.06","30.03","59","13.20",,,,"0.00","   74","   59","   90",,,,,"71","60",,,"  280","  280",,,,,"25.9","32.0",,,,,,,,,,,,,,,,,,,,
"USW00023234","2021-09-20",,,"48","29.96","29.93","58","5.37",,,,"0.00","   50","   23","   87",,,,,"86","56",,,"  290","  280",,,,,"21.0","23.9",,,,,,,,,,,,,,,,,,,,
"USW00023234","2021-09-21",,,"54","30.04","30.02","62","6.26",,,,"0.00","   55","   19","   76",,,,,"90","62",,,"  310","  300",,,,,"16.1","19.0",,,,,,,,,,,,,,,,,,,,
"USW00023234","2021-09-22",,,"54","30.06","30.03","58","12.08",,,,"0.00","   73","   46","   93",,,,,"73","55",,,"  300","  300",,,,,"25.1","29.1",,,,,,,,,,,,,,,,,,,,
"USW00023234","2021-09-23",,,"53","29.91","29.88","57","9.40",,,,"0.00","   74","   47","   90",,,,,"82","54",,,"  300","  300",,,,,"28.0","31.1",,,,,,,,,,,,,,,,,,,,
"USW00023234","2021-09-24",,,"54","29.91","29.89","57","12.53",,,,"0.00","   80","   57","   93",,,,,"72","55",,,"  300","  300",,,,,"23.0","28.0",,,,,,,,,,,,,,,,,,,,
"USW00023234","2021-09-25",,,"54","29.98","29.96","57","10.96",,,,"0.00","   79","   68","   87",,,,,"67","57",,,"  290","  290",,,,,"21.9","28.0",,,,,,,,,,,,,,,,,,,,
"USW00023234","2021-09-26",,,"52","30.03","30.01","56","12.30",,,,"0.00","   72","   63","   84",,,,,"66","59",,,"  290","  280",,,,,"23.9","30.0",,,,,,,,,,,,,,,,,,,,
"USW00023234","2021-09-27",,,"57","30.05","30.03","60","9.62",,,,"0.00","   80","   61","   90",,,,,"72","59",,,"  290","  290",,,,,"23.9","27.1",,,"    1",,,,,,,,,,,,,,,,,
"USW00023234","2021-09-28",,,"50","30.03","30.01","56","15.21",,,,"0.00","   65","   39","   84",,,,,"71","57",,,"  280","  280",,,,,"35.1","40.0",,,,,,,,,"    1",,,,,,,,,,,
"USW00023234","2021-09-29",,,"50","30.00","29.98","55","8.95",,,,"0.00","   68","   47","   84",,,,,"73","53",,,"  290","  280",,,,,"25.1","30.0",,,"    1",,,,,,"    1",,,,,,,,,,,
"USW00023234","2021-09-30",,,"49","29.98","29.96","56","6.93",,,,"0.00","   58","   23","   80",,,,,"83","54",,,"  300","  300",,,,,"21.0","21.9",,,,,,,,,"    1",,,,,,,,,,,
"USW00023234","2021-10-01",,,"51","29.96","29.93","58","8.05",,,,"0.00","   62","   37","   84",,,,,"80","56",,,"  300","  300",,,,,"21.0","23.9",,,,,,,,,"    1",,,,,,,,,,,
"USW00023234","2021-10-02",,,"53","29.97","29.95","59","7.61",,,,"0.00","   62","   39","   87",,,,,"82","57",,,"  300","  310",,,,,"19.9","21.9",,,,,,,,,"    1",,,,,,,,,,,
"USW00023234","2021-10-03",,,"53","29.93","29.91","59","7.38",,,,"0.00","   61","   33","   84",,,,,"87","57",,,"  300","  290",,,,,"18.1","19.9",,,,,,,,,"    1",,,,,,,,,,,
"USW00023234","2021-10-04",,,"53","29.89","29.86","58","8.50",,,,"0.00","   68","   35","   87",,,,,"79","55",,,"  300","  300",,,,,"21.9","23.9",,,,,,,,,,,,,,,,,,,,
"USW00023234","2021-10-05",,,"52","29.96","29.93","55","11.41",,,,"0.00","   78","   59","   90",,,,,"68","54",,,"  300","  300",,,,,"25.1","33.1",,,,,,,,,,,,,,,,,,,,
"USW00023234","2021-10-06",,,"50","30.00","29.98","54","10.07",,,,"0.00","   71","   54","   84",,,,,"66","56",,,"  280","  290",,,,,"21.9","23.9",,,,,,,,,,,,,,,,,,,,
"USW00023234","2021-10-07",,,"48","30.00","29.98","53","13.20",,,,"0.00","   70","   60","   77",,,,,"62","56",,,"  270","  270",,,,,"23.0","27.1",,,,,,,,,,,,,,,,,,,,
"USW00023234","2021-10-08",,,"47","30.09","30.08","53","15.21",,,,"0.00","   66","   50","   81",,,,,"64","55",,,"  280","  270",,,,,"25.9","32.0",,,,,,,,,,,,,,,,,,,,
"USW00023234","2021-10-09",,,"49","30.16","30.14","55","7.61",,,,"0.00","   67","   44","   81",,,,,"72","55",,,"  290","  280",,,,,"23.9","28.0",,,,,,,,,,,,,,,,,,,,
"USW00023234","2021-10-10",,,"50","30.06","30.03","54","13.65",,,,"0.00","   70","   45","   89",,,,,"72","52",,,"  280","  280",,,,,"32.0","38.0",,,,,,,,,,,,,,,,,,,,
"USW00023234","2021-10-11",,,"40","29.98","29.96","50","19.91",,,,"0.00","   50","   26","   65",,,,,"64","54",,,"  290","  290",,,,,"32.0","40.0",,,,,,,,,,,,,,,,,,,,
"USW00023234","2021-10-12",,,"34","30.03","30.01","48","17.22",,,,"0.00","   43","   25","   74",,,,,"67","51",,,"  280","  290",,,,,"29.1","35.1",,,,,,,,,,,,,,,,,,,,
"USW00023234","2021-10-13",,,"48","30.01","29.99","52","8.72",,,,"0.00","   74","   69","   80",,,,,"62","50",,,"  280","  300",,,,,"21.0","23.9",,,,,,,,,,,,,,,,,,,,
"USW00023234","2021-10-14",,,"44","30.09","30.06","52","5.82",,,,"0.00","   59","   29","   89",,,,,"74","50",,,"  290","  290",,,,,"21.9","23.9",,,,,,,,,,,,,,,,,,,,
"USW00023234","2021-10-15",,,"44","30.10","30.09","53","4.03",,,,"0.00","   52","   25","   74",,,,,"79","51",,,"  290","  290",,,,,"15.0","17.0",,,,,,,,,,,,,,,,,,,,
"USW00023234","2021-10-16",,,"44","29.98","29.96","54","5.14",,,,"0.00","   52","   18","   81",,,,,"83","54",,,"  290","  290",,,,,"17.0","21.0",,,,,,,,,,,,,,,,,,,,
"USW00023234","2021-10-17",,,"46","29.91","29.89","52","9.84",,,,"0.03","   65","   43","   90",,,,,"70","53",,,"  230","  220",,,,,"29.1","36.9",,,"    1",,,,,,"    1",,,,,,,,,,,
"USW00023234","2021-10-18",,,"46","30.02","30.01","51","10.96",,,,"0.00","   72","   58","   83",,,,,"61","51",,,"  280","  250",,,,,"17.0","21.9",,,,,,,,,"    1",,,,,,,,,,,
"USW00023234","2021-10-19",,,"43","29.98","29.96","50","9.17",,,,"0.00","   61","   30","   89",,,,,"67","48",,,"  180","  170",,,,,"25.9","32.0",,,"    1",,,,,,"    1",,,,,,,,,,,
"USW00023234","2021-10-20",,,"55","30.05","30.03","58","8.28",,,,"0.29","   84","   68","   97",,,,,"67","55",,,"  190","  190",,,,,"19.9","25.9",,,"    1",,,,,,"    1",,,,,,,,,,,
"USW00023234","2021-10-21",,,"61","30.06","30.03","62","8.28",,,,"0.44","   87","   76","  100",,,,,"70","61",,,"  170","  170",,,,,"23.9","27.1",,,"    1",,,,,,"    1",,,,,,,,,,,
"USW00023234","2021-10-22",,,"54","29.99","29.97","57","9.17",,,,"0.46","   79","   65","   93",,,,,"65","56",,,"  280","  280",,,,,"25.1","31.1",,,"    1",,,,,,"    1",,,,,,,,,,,
"USW00023234","2021-10-23",,,"52","29.91","29.88","56","8.50",,,,"0.26","   78","   58","   93",,,,,"65","54",,,"  140","  160",,,,,"17.0","21.9",,,"    1",,,,,,"    1",,,,,,,,,,,
"USW00023234","2021-10-24",,,"58","29.63","29.60","59","22.82",,,,"4.02","   88","   86","   93",,,,,"65","57",,,"  190","  180",,,,,"44.1","59.9",,,"    1",,,,,,,,,,,,,,,,,
"USW00023234","2021-10-25",,,"51","29.84","29.83","55","12.30",,,,"0.34","   78","   60","   90",,,,,"63","54",,,"  270","  250",,,,,"23.9","29.1",,,"    1",,,,,,"    1",,,,,,,,,,,
"USW00023234","2021-10-26",,,"51","30.19","30.17","55","5.82",,,,"0.00","   74","   56","   87",,,,,"64","54",,,"   90","  110",,,,,"10.1","12.1",,,"    1",,,,,,"    1",,,,,,,,,,,
"USW00023234","2021-10-27",,,"56","30.27","30.24","58","6.71",,,,"0.00","   83","   66","   90",,,,,"71","56",,,"  290","  290",,,,,"17.0","21.0",,,"    1",,,,,,"    1",,,,,,,,,,,
"USW00023234","2021-10-28",,,"57","30.11","30.08","60","4.25",,,,"0.00","   80","   54","   93",,,,,"75","57",,,"  290","  290",,,,,"19.9","21.9",,,"    1",,,,,,"    1",,,,,,,,,,,
"USW00023234","2021-10-29",,,"57","29.95","29.93","59","7.61",,,,"0.00","   84","   62","   93",,,,,"73","56",,,"  290","  290",,,,,"23.0","27.1",,,"    1",,,,,,"    1",,,,,,,,,,,
"USW00023234","2021-10-30",,,"53","29.95","29.93","56","6.26",,,,"0.00","   80","   67","   93",,,,,"64","57",,,"  260","  260",,,,,"19.9","21.9",,,"    1",,,,,,"    1",,,,,,,,,,,
"USW00023234","2021-10-31",,,"51","29.99","29.97","55","4.70",,,,"0.00","   73","   65","   90",,,,,"63","56",,,"  130","  140",,,,,"10.1","11.0",,,,,,,,,"    1",,,,,,,,,,,
"USW00023234","2021-11-01",,,"57","30.05","30.03","59","6.93",,,,"0.13","   84","   72","   90",,,,,"66","60",,,"  180","  200",,,,,"19.9","28.0",,,"    1",,,,,,"    1",,,,,,,,,,,
"USW00023234","2021-11-02",,,"57","30.18","30.16","59","5.37",,,,"0.00","   84","   75","   93",,,,,"66","59",,,"   30","   30",,,,,"12.1","13.0",,,"    1",,,,,,"    1",,,,,,,,,,,
"USW00023234","2021-11-03",,,"54","30.12","30.09","57","4.70",,,,"0.00","   79","   51","   97",,,,,"71","55",,,"  280","  280",,,,,"16.1","19.0",,,"    1",,,,,,"    1",,,,,,,,,,,
"USW00023234","2021-11-04",,,"55","30.13","30.11","58","10.96",,,,"0.06","   80","   66","   93",,,,,"65","56",,,"  280","  290",,,,,"21.0","25.1",,,"    1",,,,,,"    1",,,,,,,,,,,
"USW00023234","2021-11-05",,,"51","30.09","30.06","54","7.83",,,,"0.00","   79","   54","   90",,,,,"65","53",,,"  280","  280",,,,,"23.0","27.1",,,"    1",,,,,,"    1",,,,,,,,,,,
"USW00023234","2021-11-06",,,"51","30.13","30.11","55","8.50",,,,"0.00","   77","   67","   93",,,,,"63","54",,,"  290","  290",,,,,"18.1","23.0",,,"    1",,,,,,"    1",,,,,,,,,,,
"USW00023234","2021-11-07",,,"42","30.17","30.14","49","8.72",,,,"0.00","   63","   48","   77",,,,,"62","47",,,"  290","  300",,,,,"18.1","21.9",,,,,,,,,"    1",,,,,,,,,,,
"USW00023234","2021-11-08",,,"43","30.03","30.01","49","7.38",,,,"0.28","   65","   35","   89",,,,,"63","48",,,"  140","  140",,,,,"30.0","36.0",,,"    1",,,,,,"    1",,,,,,,,,,,
"USW00023234","2021-11-09",,,"55","30.14","30.12","56","8.50",,,,"0.15","   87","   75","   93",,,,,"65","52",,,"  140","  140",,,,,"18.1","21.9",,,"    1",,,,,,"    1",,,,,,,,,,,
"USW00023234","2021-11-10",,,"54","30.30","30.27","56","5.37",,,,"0.00","   81","   73","   90",,,,,"65","56",,,"  280","  290",,,,,"16.1","18.1",,,"    1",,,,,,"    1",,,,,,,,,,,
"USW00023234","2021-11-11",,,"53","30.24","30.22","56","2.68",,,,"0.00","   78","   65","   90",,,,,"68","53",,,"  300","  300",,,,,"8.9","12.1",,,"    1",,,,,,"    1",,,,,,,,,,,
"USW00023234","2021-11-12",,,"55","30.21","30.19","58","3.80",,,,"0.00","   83","   66","   93",,,,,"71","54",,,"  290","  290",,,,,"15.0","18.1",,,"    1",,,,,,"    1",,,,,,,,,,,
"USW00023234","2021-11-13",,,"55","30.16","30.14","57","3.36",,,,"0.00","   85","   76","   97",,,,,"66","54",,,"  290","  290",,,,,"15.0","16.1",,,"    1","    1",,,,,"    1",,,,,,,,,,,
"USW00023234","2021-11-14",,,"54","30.13","30.11","57","5.37",,,,"0.00","   81","   70","   90",,,,,"66","55",,,"   30","   30",,,,,"13.0","14.1",,,"    1",,,,,,"    1",,,,,,,,,,,
"USW00023234","2021-11-15",,,"54","30.11","30.08","55","5.82",,,,"0.00","   87","   80","   93",,,,,"61","55",,,"  290","  290",,,,,"19.9","23.9",,,"    1",,,,,,"    1",,,,,,,,,,,
"USW00023234","2021-11-16",,,"54","30.07","30.05","55","6.93",,,,"0.00","   85","   73","   93",,,,,"63","53",,,"  290","  290",,,,,"18.1","21.9",,,"    1",,,,,,,,,,,,,,,,,
"USW00023234","2021-11-17",,,"44","30.05","30.03","50","2.46",,,,"0.00","   62","   34","   89",,,,,"67","49",,,"   60","   50",,,,,"12.1","13.0",,,"    1",,,,,,"    1",,,,,,,,,,,
"USW00023234","2021-11-18",,,"50","30.09","30.07","53","4.25",,,,"0.00","   82","   75","   87",,,,,"61","51",,,"  280","  310",,,,,"15.0","17.0",,,"    1",,,,,,"    1",,,,,,,,,,,
"USW00023234","2021-11-19",,,"53","30.13","30.11","55","4.70",,,,"0.01","   87","   78","   93",,,,,"61","53",,,"  280","  290",,,,,"16.1","19.0",,,"    1",,,,,,"    1",,,,,,,,,,,
"USW00023234","2021-11-20",,,"50","30.18","30.16","53","5.82",,,,"0.00","   78","   58","   90",,,,,"66","51",,,"  290","  290",,,,,"16.1","18.1",,,"    1",,,,,,"    1",,,,,,,,,,,
"USW00023234","2021-11-21",,,"44","30.19","30.17","52","5.14",,,,"0.00","   60","   44","   83",,,,,"68","48",,,"   60","   60",,,,,"21.0","23.0",,,"    1",,,,,,"    1",,,,,,,,,,,
"USW00023234","2021-11-22",,,"47","30.11","30.09","52","3.13",,,,"0.00","   73","   56","   86",,,,,"66","47",,,"  350","  140",,,,,"6.9","8.9",,,"    1",,,,,,"    1",,,,,,,,,,,
"USW00023234","2021-11-23",,,"48","30.06","30.04","52","8.50",,,,"0.00","   75","   56","   89",,,,,"63","48",,,"  290","  290",,,,,"18.1","21.9",,,"    1",,,,,,"    1",,,,,,,,,,,
"USW00023234","2021-11-24",,,"38","30.19","30.17","47","2.01",,,,"0.00","   54","   21","   83",,,,,"66","46",,,"  350","   10",,,,,"8.9","14.1",,,"    1",,,,,,"    1",,,,,,,,,,,
"USW00023234","2021-11-25",,,"42","30.32","30.30","49","3.80",,,,"0.00","   62","   46","   77",,,,,"64","46",,,"   60","   60",,,,,"13.0","13.0",,,,,,,,,"    1",,,,,,,,,,,
"USW00023234","2021-11-26",,,"47","30.21","30.18","51","5.59",,,,"0.00","   73","   49","   90",,,,,"66","49",,,"  290","  310",,,,,"18.1","21.9",,,"    1",,,,,,"    1",,,,,,,,,,,
"USW00023234","2021-11-27",,,"46","30.14","30.11","51","2.46",,,,"0.00","   69","   44","   89",,,,,"67","48",,,"  290","  290",,,,,"10.1","13.0",,,"    1",,,,,,"    1",,,,,,,,,,,
"USW00023234","2021-11-28",,,"49","30.19","30.17","53","2.01",,,,"0.00","   71","   45","   89",,,,,"70","51",,,"   30","   30",,,,,"8.9","11.0",,,,,,,,,"    1",,,,,,,,,,,
"USW00023234","2021-11-29",,,"51","30.15","30.12","53","4.70",,,,"0.00","   81","   61","   93",,,,,"67","51",,,"  300","  300",,,,,"18.1","19.9",,,"    1",,,,,,"    1",,,,,,,,,,,
"USW00023234","2021-11-30",,,"51","30.11","30.09","54","1.57",,,,"0.00","   81","   63","  100",,,,,"66","49",,,"   30","   50",,,,,"6.9","8.9",,,"    1","    1",,,,,"    1",,,,,,,,,,,
"USW00023234","2021-12-01",,,"50","30.08","30.06","54","2.91",,,,"0.00","   71","   51","   86",,,,,"70","49",,,"  130","  130",,,,,"10.1","12.1",,,"    1",,,,,,"    1",,,,,,,,,,,
"USW00023234","2021-12-02",,,"51","30.09","30.06","53","4.92",,,,"0.00","   87","   78","   93",,,,,"62","49",,,"  300","  290",,,,,"18.1","23.0",,,"    1",,,,,,"    1",,,,,,,,,,,
"USW00023234","2021-12-03",,,"49","30.11","30.09","51","4.03",,,,"0.00","   82","   75","   90",,,,,"56","51",,,"  180","  180",,,,,"8.9","11.0",,,"    1",,,,,,"    1",,,,,,,,,,,
"USW00023234","2021-12-04",,,"48","30.22","30.21","51","6.26",,,,"0.00","   78","   70","   86",,,,,"58","53",,,"  290","  300",,,,,"18.1","21.9",,,"    1",,,,,,"    1",,,,,,,,,,,
"USW00023234","2021-12-05",,,"49","30.24","30.22","51","5.59",,,,"0.00","   86","   75","   93",,,,,"58","49",,,"  290","  290",,,,,"17.0","21.0",,,"    1",,,,,,"    1",,,,,,,,,,,
"USW00023234","2021-12-06",,,"49","30.10","30.09","51","4.25",,,,"0.02","   87","   80","   93",,,,,"55","50",,,"   30","   30",,,,,"12.1","13.0",,,"    1",,,,,,"    1",,,,,,,,,,,
"USW00023234","2021-12-07",,,"50","29.99","29.97","52","5.37",,,,"0.05","   84","   64","   93",,,,,"60","51",,,"  300","  290",,,,,"21.9","25.1",,,"    1",,,,,,"    1",,,,,,,,,,,
"USW00023234","2021-12-08",,,"50","30.02","30.01","52","7.38",,,,"0.00","   87","   80","   93",,,,,"56","51",,,"  290","  290",,,,,"17.0","19.9",,,"    1",,,,,,"    1",,,,,,,,,,,
"USW00023234","2021-12-09",,,"42","29.99","29.98","47","12.30",,,,"0.01","   67","   51","   83",,,,,"57","46",,,"  290","  290",,,,,"28.0","33.1",,,,,,,,,"    1",,,,,,,,,,,
"USW00023234","2021-12-10",,,"38","30.20","30.19","44","3.80",,,,"0.00","   67","   39","   82",,,,,"57","42",,,"  290","  290",,,,,"14.1","15.0",,,,,,,,,"    1",,,,,,,,,,,
"USW00023234","2021-12-11",,,"39","30.17","30.14","44","5.14",,,,"0.00","   71","   55","   82",,,,,"56","39",,,"  280","  310",,,,,"16.1","19.0",,,,,,,,,,,,,,,,,,,,
"USW00023234","2021-12-12",,,"47","29.92","29.90","50","12.08",,,,"0.70","   85","   68","   93",,,,,"56","48",,,"  170","  160",,,,,"23.0","31.1",,,"    1",,,,,,"    1",,,,,,,,,,,
"USW00023234","2021-12-13",,,"49","29.72","29.70","51","14.99",,,,"3.14","   87","   72","   97",,,,,"61","46",,,"  220","  210",,,,,"36.9","46.1",,,"    1",,,,,,"    1",,,,,,,,,,,
"USW00023234","2021-12-14",,,"39","29.91","29.89","44","10.51",,,,"0.21","   74","   54","   86",,,,,"52","43",,,"  280","  290",,,,,"23.0","25.9",,,"    1",,,,,,,,,,,,,,,,,
"USW00023234","2021-12-15",,,"44","30.11","30.09","47","16.78",,,,"0.36","   79","   57","   90",,,,,"56","44",,,"  200","  190",,,,,"36.0","47.0",,,"    1",,,,,,"    1",,,,,,,,,,,
"USW00023234","2021-12-16",,,"46","30.11","30.09","49","7.61",,,,"0.28","   79","   65","   93",,,,,"57","48",,,"  290","  290",,,,,"19.9","25.1",,,"    1",,,,,,"    1",,,,,,,,,,,
"USW00023234","2021-12-17",,,"41","30.26","30.24","45","5.82",,,,"0.00","   77","   61","   89",,,,,"55","43",,,"  290","  130",,,,,"14.1","17.0",,,,,,,,,,,,,,,,,,,,
"USW00023234","2021-12-18",,,"40","30.22","30.20","44","4.70",,,,"0.00","   78","   69","   89",,,,,"52","41",,,"   60","   50",,,,,"15.0","17.0",,,"    1",,,,,,"    1",,,,,,,,,,,
"USW00023234","2021-12-19",,,"41","30.10","30.08","43","4.70",,,,"0.00","   85","   74","   93",,,,,"50","41",,,"   80","   80",,,,,"15.0","18.1",,,"    1",,,,,,"    1",,,,,,,,,,,
"USW00023234","2021-12-20",,,"42","30.11","30.09","46","10.51",,,,"0.00","   78","   69","   86",,,,,"54","45",,,"   60","   70",,,,,"19.9","21.0",,,,,,,,,"    1",,,,,,,,,,,
"USW00023234","2021-12-21",,,"41","30.12","30.11","45","8.28",,,,"0.25","   81","   66","   93",,,,,"52","42",,,"   70","   60",,,,,"19.9","21.9",,,"    1",,,,,,"    1",,,,,,,,,,,
"USW00023234","2021-12-22",,,"49","29.97","29.94","49","6.26",,,,"0.80","   94","   87","   97",,,,,"59","47",,,"  190","  180",,,,,"18.1","23.9",,,"    1",,,,,,,,,,,,,,,,,
"USW00023234","2021-12-23",,,"52","29.74","29.71","54","9.40",,,,"1.92","   87","   81","   93",,,,,"59","53",,,"  200","  200",,,,,"25.9","34.0",,,"    1",,,,,,"    1",,,,,,,,,,,
"USW00023234","2021-12-24",,,"45","29.83","29.82","49","10.96",,,,"0.13","   77","   57","   97",,,,,"55","48",,,"  280","  300",,,,,"23.0","28.0",,,"    1",,,,,,"    1",,,,,,,,,,,
"USW00023234","2021-12-25",,,"44","29.82","29.80","47","13.42",,,,"0.70","   77","   72","   86",,,,,"55","46",,,"  230","  220",,,,,"29.1","36.0",,,"    1",,,,,,"    1",,,,,,,,,,,
"USW00023234","2021-12-26",,,"40","30.03","30.01","44","9.17",,,,"0.06","   76","   64","   86",,,,,"52","43",,,"  290","  280",,,,,"32.0","38.9",,,,,,,,,"    1",,,,,,,,,,,
"USW00023234","2021-12-27",,,"40","29.91","29.90","44","12.53",,,,"0.36","   73","   61","   86",,,,,"52","45",,,"  310","  300",,,,,"25.9","35.1",,,"    1",,,,,,"    1",,,,,,,,,,,
"USW00023234","2021-12-28",,,"38","29.86","29.83","43","7.61",,,,"0.00","   73","   61","   83",,,,,"49","44",,,"  290","  290",,,,,"16.1","19.0",,,,,,,,,"    1",,,,,,,,,,,
"USW00023234","2021-12-29",,,"44","29.76","29.74","46","8.95",,,,"0.82","   89","   83","   97",,,,,"51","45",,,"   40","   40",,,,,"17.0","19.0",,,"    1",,,,,,,,,,,,,,,,,
"USW00023234","2021-12-30",,,"40","29.90","29.89","44","8.72",,,,"0.00","   74","   66","   83",,,,,"53","45",,,"  290","  300",,,,,"16.1","19.0",,,,,,,,,,,,,,,,,,,,
"USW00023234","2021-12-31",,,"39","29.92","29.91","44","7.61",,,,"0.00","   73","   61","   89",,,,,"54","41",,,"  290","  280",,,,,"23.0","27.1",,,,,,,,,,,,,,,,,,,,
