"STATION","DATE","ACMH","ACSH","ADPT","ASLP","ASTP","AWBT","AWND","DAEV","DAWM","EVAP","FMTM","MDEV","MDWM","MNPN","MXPN","PGTM","PRCP","PSUN","RHAV","RHMN","RHMX","SNOW","SNWD","TAVG","TMAX","TMIN","TSUN","WDF1","WDF2","WDF5","WDFG","WDFM","WDMV","WESD","WSF1","WSF2","WSF5","WSFG","WSFM","WT01","WT02","WT03","WT04","WT05","WT06","WT07","WT08","WT09","WT10","WT11","WT13","WT14","WT15","WT16","WT17","WT18","WT19","WT21","WT22","WV03","WV20"
"USW00093822","2021-01-01",,,"30","29.92","29.23","31","13.65",,,,,,,,,,"0.58",,"   96","   79","  100","0.1","0.0",,"33","27",,,"   30","   40",,,,,,"25.9","35.1",,,"    1",,,,,"    1",,,,,,,,,,,,,,,,
"USW00093822","2021-01-02",,,"31","30.06","29.36","31","6.04",,,,,,,,,,"0.09",,"  100","   85","  100","1.0","1.2",,"32","30",,,"  330","  320",,,,,,"13.0","17.0",,,"    1",,,,,,,,,,,,,,,,,,,,,
"USW00093822","2021-01-03",,,"27","30.04","29.36","28","5.14",,,,,,,,,,"0.15",,"   96","   88","  100","1.2","2.0",,"31","25",,,"  250","  240",,,,,,"13.0","16.1",,,"    1","    1",,,,,,,,,,,,,,,,,,,,
"USW00093822","2021-01-04",,,"29","30.02","29.34","29","5.82",,,,,,,,,,"0.00",,"   99","   96","  100","0.0","2.0",,"33","24",,,"  330","  310",,,,,,"15.0","21.9",,,"    1","    1",,,,,,,,,,,,,,,,,,,,
"USW00093822","2021-01-05",,,"28","30.17","29.51","29","5.14",,,,,,,,,,"0.00",,"   97","   89","  100","0.0","1.2",,"37","17",,,"  280","  280",,,,,,"13.0","16.1",,,"    1","    1",,,,,,,,,,,,,,,,,,,,
"USW00093822","2021-01-06",,,"29","30.31","29.62","30","8.72",,,,,,,,,,"0.00",,"   96","   89","  100","0.0","0.0",,"34","24",,,"  110","  120",,,,,,"16.1","19.9",,,"    1",,,,,,,,,,,,,,,,,,,,,
"USW00093822","2021-01-07",,,"27","30.31","29.62","30","9.17",,,,,,,,,,"0.00",,"   83","   76","  100","0.0","0.0",,"35","26",,,"   10","   30",,,,,,"15.0","19.0",,,"    1",,,,,,,,,,,,,,,,,,,,,
"USW00093822","2021-01-08",,,"26","30.29","29.60","30","9.84",,,,,,,,,,"0.00",,"   83","   75","   89","0.0","0.0",,"33","30",,,"  350","  360",,,,,,"16.1","21.9",,,"    1",,,,,,,,,,,,,,,,,,,,,
"USW00093822","2021-01-09",,,"22","30.36","29.68","26","6.71",,,,,,,,,,"0.00",,"   75","   69","   85","0.0","0.0",,"30","27",,,"  350","  340",,,,,,"13.0","17.0",,,,,,,,,,,,,,,,,,,,,,,,
"USW00093822","2021-01-10",,,"19","30.40","29.70","23","6.71",,,,,,,,,,"0.00",,"   76","   71","   84","0.0","0.0",,"27","24",,,"  290","  280",,,,,,"10.1","14.1",,,"    1",,,,,,,"    1",,,,,,,,,,,,,,
"USW00093822","2021-01-11",,,"22","30.33","29.62","26","8.28",,,,,,,,,,"0.00",,"   77","   72","   84","0.0","0.0",,"33","24",,,"  200","  200",,,,,,"16.1","23.0",,,,,,,,,,,,,,,,,,,,,,,,
"USW00093822","2021-01-12",,,"27","30.15","29.44","32","8.05",,,,,,,,,,"0.00",,"   75","   61","   85","0.0","0.0",,"47","25",,,"  250","  230",,,,,,"15.0","19.0",,,,,,,,,,,,,,,,,,,,,,,,
"USW00093822","2021-01-13",,,"30","29.88","29.16","35","10.51",,,,,,,,,,"0.00",,"   68","   56","   81","0.0","0.0",,"49","34",,,"  190","  190",,,,,,"17.0","23.9",,,,,,,,,,,,,,,,,,,,,,,,
"USW00093822","2021-01-14",,,"32","29.59","28.89","35","12.75",,,,,,,,,,"0.15",,"   81","   68","   93","0.0","0.0",,"46","34",,,"  260","  250",,,,,,"23.9","33.1",,,"    1",,,,,,,,,,,,,,,,,,,,,
"USW00093822","2021-01-15",,,"29","29.52","28.85","31","8.72",,,,,,,,,,"0.16",,"   87","   76","   96","1.1","0.0",,"36","28",,,"  190","  220",,,,,,"16.1","23.9",,,"    1",,,,,,,"    1",,,,,,,,,,,,,,
"USW00093822","2021-01-16",,,"29","29.76","29.11","31","11.86",,,,,,,,,,"0.17",,"   88","   82","   92","1.3","1.2",,"34","29",,,"  280","  250",,,,,,"19.9","27.1",,,"    1",,,,,,,,,,,,,,,,,,,,,
"USW00093822","2021-01-17",,,"25","29.82","29.15","28","10.07",,,,,,,,,,"0.03",,"   83","   76","   92","0.3","1.2",,"33","29",,,"  260","  240",,,,,,"19.9","25.9",,,"    1",,,,,,,,,,,,,,,,,,,,,
"USW00093822","2021-01-18",,,"26","30.00","29.35","31","7.38",,,,,,,,,,"0.00",,"   75","   62","   89","0.0","1.2",,"40","28",,,"  250","  260",,,,,,"17.0","25.1",,,,,,,,,,,,,,,,,,,,,,,,
"USW00093822","2021-01-19",,,"23","30.25","29.59","28","10.29",,,,,,,,,,"0.00",,"   75","   58","   89","0.0","0.0",,"40","20",,,"  310","  290",,,,,,"28.0","40.9",,,,,,,,,,,,,,,,,,,,,,,,
"USW00093822","2021-01-20",,,"20","30.16","29.42","26","11.63",,,,,,,,,,"0.00",,"   68","   57","   80","0.0","0.0",,"39","15",,,"  180","  180",,,,,,"23.0","31.1",,,,,,,,,,,,,,,,,,,,,,,,
"USW00093822","2021-01-21",,,"24","29.94","29.26","32","10.96",,,,,,,,,,"0.00",,"   58","   32","   79","0.0","0.0",,"52","27",,,"  270","  330",,,,,,"21.0","25.1",,,,,,,,,,,,,,,,,,,,,,,,
"USW00093822","2021-01-22",,,"9","30.21","29.56","20","10.29",,,,,,,,,,"0.00",,"   53","   34","   75","0.0","0.0",,"34","14",,,"  310","  320",,,,,,"21.0","31.1",,,,,,,,,,,,,,,,,,,,,,,,
"USW00093822","2021-01-23",,,"12","30.30","29.59","21","9.17",,,,,,,,,,"0.00",,"   56","   39","   81","0.0","0.0",,"37","11",,,"  120","  120",,,,,,"17.0","23.9",,,,,,,,,,,,,,,,,,,,,,,,
"USW00093822","2021-01-24",,,"24","30.09","29.40","31","6.49",,,,,,,,,,"0.00",,"   64","   52","   70","0.0","0.0",,"41","32",,,"  130","  140",,,,,,"17.0","25.9",,,,,,,,,,,,,,,,,,,,,,,,
"USW00093822","2021-01-25",,,"28","29.85","29.11","31","14.99",,,,,,,,,,"0.34",,"   87","   61","  100","1.1","0.0",,"35","30",,,"   70","   80",,,,,,"25.9","36.0",,,"    1",,,,,"    1",,"    1",,,,,,,,,,,,,,
"USW00093822","2021-01-26",,,"27","29.96","29.33","29","7.38",,,,,,,,,,"0.00",,"   91","   73","  100","0.0","1.2",,"32","25",,,"  330","  300",,,,,,"15.0","19.0",,,"    1",,,,,"    1",,,,,,,,,,,,,,,,
"USW00093822","2021-01-27",,,"19","30.36","29.73","22","9.17",,,,,,,,,,"0.25",,"   85","   74","  100","3.2","1.2",,"27","12",,,"  360","   20",,,,,,"16.1","21.0",,,"    1","    1",,,,,,,,,,,,,,,,,,,,
"USW00093822","2021-01-28",,,"9","30.64","29.92","13","2.91",,,,,,,,,,"0.00",,"   80","   63","   96","0.0","3.1",,"27","-1",,,"  130","  130",,,,,,"8.9","11.0",,,"    1",,,,,,,,,,,,,,,,,,,,,
"USW00093822","2021-01-29",,,"16","30.34","29.60","21","11.18",,,,,,,,,,"0.00",,"   73","   64","   87","0.0","3.1",,"32","12",,,"  160","  140",,,,,,"19.9","27.1",,,,,,,,,,,,,,,,,,,,,,,,
"USW00093822","2021-01-30",,,"29","29.88","29.12","32","16.11",,,,,,,,,,"1.13",,"   85","   67","  100","0.0","2.0",,"37","28",,,"  130","  130",,,,,,"28.0","36.9",,,"    1",,,,,,,,,,,,,,,,,,,,,
"USW00093822","2021-01-31",,,"32","29.93","29.29","33","12.97",,,,,,,,,,"0.23",,"   94","   75","  100","0.3","0.0",,"37","31",,,"  330","  330",,,,,,"19.9","29.1",,,"    1",,,,,,,,,,,,,,,,,,,,,
"USW00093822","2021-02-01",,,"26","30.27","29.60","30","12.75",,,,,,,,,,"0.00",,"   79","   67","   85","0.0","0.0",,"37","29",,,"  330","  350",,,,,,"23.9","31.1",,,,,,,,,,,,,,,,,,,,,,,,
"USW00093822","2021-02-02",,,"23","30.29","29.60","27","6.93",,,,,,,,,,"0.00",,"   81","   70","   89","0.0","0.0",,"34","25",,,"  350","  360",,,,,,"12.1","15.0",,,"    1",,,,,,,,,,,,,,,,,,,,,
"USW00093822","2021-02-03",,,"24","30.12","29.39","29","8.05",,,,,,,,,,"0.00",,"   76","   65","   88","0.0","0.0",,"40","23",,,"  160","  180",,,,,,"19.9","25.9",,,"    1",,,,,,,"    1",,,,,,,,,,,,,,
"USW00093822","2021-02-04",,,"31","29.68","28.98","32","19.24",,,,,,,,,,"0.45",,"   86","   62","  100","0.0","0.0",,"39","22",,,"  280","  270",,,,,,"33.1","47.0",,,"    1",,,,,,,,,,,,,,,,,,,,,
"USW00093822","2021-02-05",,,"23","29.87","29.21","25","13.42",,,,,,,,,,"0.00",,"   94","   72","  100","0.0","0.0",,"30","17",,,"  270","  270",,,,,,"25.1","34.0",,,,,,,,,,,,,,,,,,,,,,,,
"USW00093822","2021-02-06",,,"14","30.14","29.49","15","6.71",,,,,,,,,,"0.06",,"   87","   75","  100","0.9","0.0",,"25","5",,,"  330","  330",,,,,,"16.1","21.0",,,"    1",,,,,,,,,,,,,,,,,,,,,
"USW00093822","2021-02-07",,,"0","30.32","29.63","3","7.16",,,,,,,,,,"0.06",,"   83","   75","   96","0.7","1.2",,"7","-3",,,"  340","  340",,,,,,"14.1","19.0",,,"    1",,,,,,,,,,,,,,,,,,,,,
"USW00093822","2021-02-08",,,"7","30.30","29.60","9","8.50",,,,,,,,,,"0.04",,"   89","   83","   92","0.7","1.2",,"12","7",,,"   20","  360",,,,,,"15.0","21.0",,,"    1",,,,,,,,,,,,,,,,,,,,,
"USW00093822","2021-02-09",,,"7","30.40","29.70","10","10.07",,,,,,,,,,"0.00",,"   82","   74","   92","0.0","2.0",,"13","10",,,"   10","   10",,,,,,"17.0","21.0",,,"    1",,,,,,,,,,,,,,,,,,,,,
"USW00093822","2021-02-10",,,"8","30.38","29.67","12","11.63",,,,,,,,,,"0.03",,"   83","   73","   88","0.5","2.0",,"15","10",,,"  360","  360",,,,,,"18.1","25.9",,,"    1",,,,,,,"    1",,,,,,,,,,,,,,
"USW00093822","2021-02-11",,,"8","30.41","29.70","12","12.75",,,,,,,,,,"0.01",,"   78","   73","   84","0.1","2.0",,"18","10",,,"   10","  360",,,,,,"21.0","25.9",,,"    1",,,,,,,,,,,,,,,,,,,,,
"USW00093822","2021-02-12",,,"3","30.45","29.75","8","12.53",,,,,,,,,,"0.00",,"   76","   69","   88","0.0","2.0",,"13","5",,,"  350","  340",,,,,,"19.9","27.1",,,"    1",,,,,,,"    1",,,,,,,,,,,,,,
"USW00093822","2021-02-13",,,"-1","30.41","29.71","3","12.30",,,,,,,,,,"0.03",,"   76","   69","   83","1.7","2.0",,"7","-3",,,"  340","  340",,,,,,"18.1","23.9",,,"    1",,,,,,,"    1",,,,,,,,,,,,,,
"USW00093822","2021-02-14",,,"-8","30.54","29.83","-1","13.87",,,,,,,,,,"0.00",,"   66","   57","   79","0.0","3.1",,"4","-5",,,"  360","  350",,,,,,"21.0","28.0",,,,,,,,,,"    1",,,,,,,,,,,,,,
"USW00093822","2021-02-15",,,"-3","30.31","29.56","0","14.54",,,,,,,,,,"0.56",,"   78","   71","   83","5.8","3.1",,"3","-1",,,"  360","  360",,,,,,"21.9","29.1",,,"    1","    1",,,,,,"    1",,,,,,,,,,,,,,
"USW00093822","2021-02-16",,,"-2","30.25","29.55","2","7.38",,,,,,,,,,"0.00",,"   77","   64","   87","0.0","7.1",,"11","-8",,,"  330","  320",,,,,,"15.0","21.0",,,"    1",,,,,,,"    1",,,,,,,,,,,,,,
"USW00093822","2021-02-17",,,"4","30.37","29.67","8","6.26",,,,,,,,,,"0.04",,"   79","   73","   86","0.4","5.9",,"17","-7",,,"   40","   50",,,,,,"13.0","16.1",,,"    1",,,,,,,"    1",,,,,,,,,,,,,,
"USW00093822","2021-02-18",,,"8","30.39","29.70","13","8.50",,,,,,,,,,"0.00",,"   78","   63","   92","0.0","7.1",,"23","4",,,"  300","  350",,,,,,"14.1","17.0",,,"    1",,,,,,,"    1",,,,,,,,,,,,,,
"USW00093822","2021-02-19",,,"6","30.40","29.70","11","6.49",,,,,,,,,,"0.00",,"   74","   60","   91","0.0","5.9",,"24","-5",,,"  260","  250",,,,,,"13.0","16.1",,,"    1",,,,,,,"    1",,,,,,,,,,,,,,
"USW00093822","2021-02-20",,,"14","30.34","29.64","21","8.72",,,,,,,,,,"0.00",,"   66","   54","   91","0.0","5.9",,"33","15",,,"  150","  150",,,,,,"18.1","23.0",,,,,,,,,,"    1",,,,,,,,,,,,,,
"USW00093822","2021-02-21",,,"24","30.04","29.31","30","17.22",,,,,,,,,,"0.04",,"   69","   53","   97","0.0","5.1",,"41","24",,,"  170","  190",,,,,,"28.0","40.9",,,"    1",,,,,,,,,,,,,,,,,,,,,
"USW00093822","2021-02-22",,,"29","29.90","29.21","34","13.42",,,,,,,,,,"0.00",,"   69","   53","   85","0.0","5.1",,"47","32",,,"  290","  290",,,,,,"25.1","35.1",,,"    1",,,,,,,"    1",,,,,,,,,,,,,,
"USW00093822","2021-02-23",,,"34","29.87","29.20","41","12.53",,,,,,,,,,"0.00",,"   63","   44","   85","0.0","3.1",,"57","33",,,"  170","  180",,,,,,"21.9","29.1",,,,,,,,,,,,,,,,,,,,,,,,
"USW00093822","2021-02-24",,,"33","29.99","29.39","39","12.08",,,,,,,,,,"0.00",,"   70","   52","   91","0.0","0.0",,"52","31",,,"  320","  310",,,,,,"21.9","32.0",,,,,,,,,,,,,,,,,,,,,,,,
"USW00093822","2021-02-25",,,"26","30.35","29.69","32","4.92",,,,,,,,,,"0.00",,"   71","   40","   96","0.0","0.0",,"47","25",,,"   10","  360",,,,,,"10.1","13.0",,,"    1",,,,,,,,,,,,,,,,,,,,,
"USW00093822","2021-02-26",,,"30","30.06","29.33","35","10.96",,,,,,,,,,"0.00",,"   72","   52","   89","0.0","0.0",,"50","25",,,"  120","  120",,,,,,"21.9","27.1",,,,,,,,,,,,,,,,,,,,,,,,
"USW00093822","2021-02-27",,,"37","30.01","29.32","42","8.05",,,,,,,,,,"0.00",,"   75","   48","   96","0.0","0.0",,"58","30",,,"  130","  110",,,,,,"16.1","23.0",,,"    1",,,,,,,,,,,,,,,,,,,,,
"USW00093822","2021-02-28",,,"43","29.87","29.18","45","11.63",,,,,,,,,,"0.43",,"   84","   63","   97","0.0","0.0",,"58","32",,,"  320","  330",,,,,,"21.9","33.1",,,"    1","    1","    1",,,,,,,,,,,,,,,,,,,
"USW00093822","2021-03-01",,,"22","30.31","29.65","29","8.50",,,,,,,,,,"0.00",,"   64","   43","   82","0.0","0.0",,"44","26",,,"  320","  310",,,,,,"16.1","23.9",,,,,,,,,,,,,,,,,,,,,,,,
"USW00093822","2021-03-02",,,"27","30.21","29.51","34","9.40",,,,,,,,,,"0.00",,"   67","   43","   89","0.0","0.0",,"52","21",,,"  190","  200",,,,,,"17.0","23.9",,,"    1",,,,,,,,,,,,,,,,,,,,,
"USW00093822","2021-03-03",,,"32","30.06","29.39","40","7.61",,,,,,,,,,"0.00",,"   57","   32","   83","0.0","0.0",,"65","36",,,"  190","  190",,,,,,"16.1","21.0",,,,,,,,,,,,,,,,,,,,,,,,
"USW00093822","2021-03-04",,,"30","30.25","29.59","37","10.29",,,,,,,,,,"0.00",,"   67","   41","   89","0.0","0.0",,"53","28",,,"   50","   70",,,,,,"18.1","23.9",,,"    1",,,,,,,"    1",,,,,,,,,,,,,,
"USW00093822","2021-03-05",,,"24","30.36","29.68","32","5.82",,,,,,,,,,"0.00",,"   61","   35","   85","0.0","0.0",,"51","24",,,"   70","   60",,,,,,"15.0","19.0",,,,,,,,,,,,,,,,,,,,,,,,
"USW00093822","2021-03-06",,,"25","30.34","29.66","34","3.36",,,,,,,,,,"0.00",,"   56","   29","   85","0.0","0.0",,"57","27",,,"  250","  240",,,,,,"13.0","19.0",,,,,,,,,,,,,,,,,,,,,,,,
"USW00093822","2021-03-07",,,"30","30.36","29.68","39","10.29",,,,,,,,,,"0.00",,"   55","   35","   79","0.0","0.0",,"63","28",,,"  190","  170",,,,,,"18.1","23.9",,,,,,,,,,,,,,,,,,,,,,,,
"USW00093822","2021-03-08",,,"32","30.34","29.66","44","11.41",,,,,,,,,,"0.00",,"   44","   24","   76","0.0","0.0",,"69","44",,,"  250","  260",,,,,,"23.0","30.0",,,,,,,,,,"    1",,,,,,,,,,,,,,
"USW00093822","2021-03-09",,,"39","30.19","29.49","48","15.66",,,,,,,,,,"0.00",,"   50","   29","   66","0.0","0.0",,"71","46",,,"  180","  180",,,,,,"25.9","38.0",,,,,,,,,,,,,,,,,,,,,,,,
"USW00093822","2021-03-10",,,"49","29.95","29.27","55","22.59",,,,,,,,,,"0.00",,"   64","   51","   80","0.0","0.0",,"71","55",,,"  190","  190",,,,,,"35.1","47.0",,,,,,,,,,,,,,,,,,,,,,,,
"USW00093822","2021-03-11",,,"44","30.12","29.49","49","8.05",,,,,,,,,,"0.39",,"   72","   49","   96","0.0","0.0",,"64","43",,,"  280","  290",,,,,,"32.0","45.0",,,"    1",,"    1",,,,,,,,,,,,,,,,,,,
"USW00093822","2021-03-12",,,"34","30.40","29.75","41","6.49",,,,,,,,,,"0.00",,"   63","   35","   93","0.0","0.0",,"56","35",,,"   50","   70",,,,,,"16.1","21.9",,,,,,,,,,,,,,,,,,,,,,,,
"USW00093822","2021-03-13",,,"31","30.39","29.70","41","8.95",,,,,,,,,,"0.00",,"   52","   34","   79","0.0","0.0",,"56","43",,,"  100","  100",,,,,,"15.0","27.1",,,,,,,,,,,,,,,,,,,,,,,,
"USW00093822","2021-03-14",,,"34","30.25","29.55","41","12.08",,,,,,,,,,"0.02",,"   65","   52","   83","0.0","0.0",,"50","40",,,"   80","   70",,,,,,"25.9","40.0",,,,,,,,,,,,,,,,,,,,,,,,
"USW00093822","2021-03-15",,,"36","29.97","29.25","38","14.09",,,,,,,,,,"0.62",,"   89","   52","  100","0.0","0.0",,"45","34",,,"   90","  100",,,,,,"32.0","42.9",,,"    1",,,,,,,,,,,,,,,,,,,,,
"USW00093822","2021-03-16",,,"40","29.99","29.31","41","6.49",,,,,,,,,,"0.00",,"   96","   74","  100","0.0","0.0",,"45","37",,,"  100","   90",,,,,,"15.0","19.9",,,"    1",,,,,,,,,,,,,,,,,,,,,
"USW00093822","2021-03-17",,,"43","29.83","29.12","43","13.20",,,,,,,,,,"0.79",,"  100","   96","  100","0.0","0.0",,"49","40",,,"   30","   20",,,,,,"23.0","32.0",,,"    1",,"    1",,,,,,,,,,,,,,,,,,,
"USW00093822","2021-03-18",,,"38","29.90","29.29","40","21.70",,,,,,,,,,"1.46",,"   89","   71","  100","0.0","0.0",,"43","35",,,"   40","   30",,,,,,"32.0","46.1",,,"    1",,,,,,,,,,,,,,,,,,,,,
"USW00093822","2021-03-19",,,"27","30.42","29.78","35","11.86",,,,,,,,,,"0.00",,"   61","   39","  100","0.0","0.0",,"52","31",,,"   10","   30",,,,,,"19.9","30.0",,,,,,,,,,,,,,,,,,,,,,,,
"USW00093822","2021-03-20",,,"29","30.44","29.75","37","7.83",,,,,,,,,,"0.00",,"   58","   33","   82","0.0","0.0",,"59","28",,,"  110","  120",,,,,,"14.1","17.0",,,,,,,,,,,,,,,,,,,,,,,,
"USW00093822","2021-03-21",,,"32","30.25","29.55","43","12.30",,,,,,,,,,"0.00",,"   48","   30","   82","0.0","0.0",,"66","34",,,"  170","  180",,,,,,"25.9","35.1",,,,,,,,,,,,,,,,,,,,,,,,
"USW00093822","2021-03-22",,,"38","30.05","29.35","47","12.08",,,,,,,,,,"0.00",,"   55","   34","   80","0.0","0.0",,"67","42",,,"  190","  200",,,,,,"21.0","28.0",,,,,,,,,,,,,,,,,,,,,,,,
"USW00093822","2021-03-23",,,"50","29.74","29.04","52","15.43",,,,,,,,,,"0.29",,"   83","   63","   97","0.0","0.0",,"59","50",,,"  160","  160",,,,,,"29.1","40.9",,,"    1",,"    1",,,,,,,,,,,,,,,,,,,
"USW00093822","2021-03-24",,,"45","29.79","29.15","49","13.42",,,,,,,,,,"0.00",,"   76","   65","   86","0.0","0.0",,"59","47",,,"  260","  260",,,,,,"23.9","32.0",,,,,,,,,,,,,,,,,,,,,,,,
"USW00093822","2021-03-25",,,"46","29.77","29.11","47","8.72",,,,,,,,,,"0.60",,"   91","   75","   97","0.0","0.0",,"55","42",,,"  360","   10",,,,,,"17.0","23.9",,,"    1",,,,,,,,,,,,,,,,,,,,,
"USW00093822","2021-03-26",,,"44","30.03","29.38","47","5.37",,,,,,,,,,"0.00",,"   86","   70","  100","0.0","0.0",,"56","44",,,"  330","  330",,,,,,"13.0","17.0",,,"    1",,,,,,,,,,,,,,,,,,,,,
"USW00093822","2021-03-27",,,"49","29.89","29.23","52","11.41",,,,,,,,,,"0.42",,"   80","   50","  100","0.0","0.0",,"73","43",,,"  320","  320",,,,,,"23.0","33.1",,,"    1",,"    1",,,,,,,,,,,,,,,,,,,
"USW00093822","2021-03-28",,,"29","30.10","29.46","38","15.21",,,,,,,,,,"0.00",,"   58","   33","   90","0.0","0.0",,"52","30",,,"  310","  320",,,,,,"30.0","44.1",,,,,,,,,,,,,,,,,,,,,,,,
"USW00093822","2021-03-29",,,"31","30.03","29.33","43","18.34",,,,,,,,,,"0.00",,"   47","   28","   78","0.0","0.0",,"66","30",,,"  160","  180",,,,,,"30.0","42.9",,,,,,,,,,,,,,,,,,,,,,,,
"USW00093822","2021-03-30",,,"36","29.89","29.25","46","17.00",,,,,,,,,,"0.00",,"   48","   34","   82","0.0","0.0",,"71","46",,,"  200","  190",,,,,,"25.9","36.9",,,,,,,,,,,,,,,,,,,,,,,,
"USW00093822","2021-03-31",,,"17","30.29","29.66","32","13.87",,,,,,,,,,"0.00",,"   40","   25","   72","0.0","0.0",,"48","29",,,"  310","  320",,,,,,"25.1","38.9",,,,,,,,,,,,,,,,,,,,,,,,
"USW00093822","2021-04-01",,,"15","30.53","29.85","28","8.05",,,,,,,,,,"0.00",,"   47","   27","   71","0.0","0.0",,"45","25",,,"  350","  340",,,,,,"18.1","25.9",,,,,,,,,,,,,,,,,,,,,,,,
"USW00093822","2021-04-02",,,"20","30.46","29.75","33","12.08",,,,,,,,,,"0.00",,"   47","   27","   92","0.0","0.0",,"53","23",,,"  180","  190",,,,,,"19.9","30.0",,,,,,,,,,,,,,,,,,,,,,,,
"USW00093822","2021-04-03",,,"30","30.23","29.54","43","11.41",,,,,,,,,,"0.00",,"   40","   23","   81","0.0","0.0",,"72","39",,,"  200","  210",,,,,,"23.0","31.1",,,,,,,,,,,,,,,,,,,,,,,,
"USW00093822","2021-04-04",,,"41","30.11","29.44","52","9.40",,,,,,,,,,"0.00",,"   46","   31","   60","0.0","0.0",,"78","49",,,"  180","  190",,,,,,"18.1","25.9",,,,,,,,,,"    1",,,,,,,,,,,,,,
"USW00093822","2021-04-05",,,"48","29.95","29.28","56","11.63",,,,,,,,,,"0.00",,"   52","   35","   72","0.0","0.0",,"80","51",,,"  200","  220",,,,,,"23.0","30.0",,,,,,,,,,,,,,,,,,,,,,,,
"USW00093822","2021-04-06",,,"51","29.87","29.21","59","12.97",,,,,,,,,,"0.00",,"   54","   38","   78","0.0","0.0",,"81","58",,,"  200","  200",,,,,,"23.0","34.0",,,,,,,,,,,,,,,,,,,,,,,,
"USW00093822","2021-04-07",,,"57","29.72","29.05","61","15.43",,,,,,,,,,"0.64",,"   69","   54","   96","0.0","0.0",,"77","59",,,"  170","  220",,,,,,"25.9","40.9",,,"    1",,"    1",,,,,,,,,,,,,,,,,,,
"USW00093822","2021-04-08",,,"48","29.60","28.94","50","12.08",,,,,,,,,,"0.13",,"   84","   63","   97","0.0","0.0",,"59","49",,,"  190","  200",,,,,,"25.1","36.9",,,"    1",,,,,,,,,,,,,,,,,,,,,
"USW00093822","2021-04-09",,,"49","29.67","29.03","54","11.18",,,,,,,,,,"0.00",,"   67","   37","   96","0.0","0.0",,"73","51",,,"  250","  240",,,,,,"23.9","34.0",,,,,,,,,,,,,,,,,,,,,,,,
"USW00093822","2021-04-10",,,"51","29.43","28.74","52","15.43",,,,,,,,,,"0.50",,"   92","   69","  100","0.0","0.0",,"61","47",,,"  190","  200",,,,,,"29.1","36.9",,,"    1",,,,,,,,,,,,,,,,,,,,,
"USW00093822","2021-04-11",,,"46","29.53","28.90","47","14.09",,,,,,,,,,"0.65",,"   91","   72","  100","0.0","0.0",,"56","42",,,"  270","  290",,,,,,"23.9","33.1",,,"    1",,,,,,,,,,,,,,,,,,,,,
"USW00093822","2021-04-12",,,"42","29.88","29.27","47","8.72",,,,,,,,,,"0.00",,"   69","   44","  100","0.0","0.0",,"63","40",,,"  270","  280",,,,,,"21.0","28.0",,,,,,,,,,,,,,,,,,,,,,,,
"USW00093822","2021-04-13",,,"34","30.13","29.48","44","7.61",,,,,,,,,,"0.00",,"   53","   31","   96","0.0","0.0",,"62","41",,,"  280","  280",,,,,,"19.9","28.0",,,,,,,,,,,,,,,,,,,,,,,,
"USW00093822","2021-04-14",,,"32","30.14","29.47","41","8.95",,,,,,,,,,"0.00",,"   56","   35","   86","0.0","0.0",,"59","35",,,"  260","  260",,,,,,"23.9","33.1",,,,,,,,,,,,,,,,,,,,,,,,
"USW00093822","2021-04-15",,,"34","30.09","29.41","42","9.40",,,,,,,,,,"0.00",,"   62","   41","   80","0.0","0.0",,"59","36",,,"  350","  310",,,,,,"17.0","23.9",,,,,,,,,,,,,,,,,,,,,,,,
"USW00093822","2021-04-16",,,"37","29.99","29.31","44","4.03",,,,,,,,,,"0.00",,"   64","   42","  100","0.0","0.0",,"61","33",,,"   30","   60",,,,,,"10.1","14.1",,,,,,,,,,,,,,,,,,,,,,,,
"USW00093822","2021-04-17",,,"40","29.96","29.29","47","5.59",,,,,,,,,,"0.00",,"   64","   39","   90","0.0","0.0",,"62","44",,,"  330","  330",,,,,,"17.0","21.9",,,,,,,,,,,,,,,,,,,,,,,,
"USW00093822","2021-04-18",,,"38","29.93","29.26","46","6.49",,,,,,,,,,"0.00",,"   61","   26","   97","0.0","0.0",,"67","40",,,"  290","  280",,,,,,"21.9","31.1",,,,,,,,,,,,,,,,,,,,,,,,
"USW00093822","2021-04-19",,,"31","29.95","29.30","41","12.30",,,,,,,,,,"0.00",,"   51","   27","   89","0.0","0.0",,"66","37",,,"  270","  270",,,,,,"21.9","32.0",,,,,,,,,,,,,,,,,,,,,,,,
"USW00093822","2021-04-20",,,"32","30.11","29.44","35","5.82",,,,,,,,,,"0.35",,"   87","   53","  100","0.3","0.0",,"39","32",,,"  350","  340",,,,,,"16.1","21.9",,,"    1",,,,,,,,,,,,,,,,,,,,,
"USW00093822","2021-04-21",,,"27","30.17","29.49","35","8.50",,,,,,,,,,"0.00",,"   64","   32","   96","0.0","0.0",,"51","28",,,"  270","  250",,,,,,"19.9","31.1",,,,,,,,,,,,,,,,,,,,,,,,
"USW00093822","2021-04-22",,,"27","30.17","29.50","37","6.49",,,,,,,,,,"0.00",,"   53","   32","   96","0.0","0.0",,"57","29",,,"  260","  280",,,,,,"15.0","21.9",,,,,,,,,,,,,,,,,,,,,,,,
"USW00093822","2021-04-23",,,,,,,"11.41",,,,,,,,,,"0.01",,,,,"0.0","0.0",,"57","41",,,"  200","  190",,,,,,"21.9","30.0",,,,,,,,,,,,,,,,,,,,,,,,
"USW00093822","2021-04-24",,,"47","29.89","29.23","50","5.59",,,,,,,,,,"0.15",,"   86","   54","   97","0.0","0.0",,"61","48",,,"  290","  300",,,,,,"12.1","18.1",,,"    1",,,,,,,,,,,,,,,,,,,,,
"USW00093822","2021-04-25",,,"40","30.05","29.39","46","6.93",,,,,,,,,,"0.00",,"   63","   43","   93","0.0","0.0",,"63","39",,,"  130","  130",,,,,,"15.0","21.0",,,,,,,,,,,,,,,,,,,,,,,,
"USW00093822","2021-04-26",,,"48","29.84","29.15","56","20.36",,,,,,,,,,"0.00",,"   55","   38","   77","0.0","0.0",,"79","47",,,"  160","  190",,,,,,"36.0","52.1",,,,,,,,,,,,,,,,,,,,,,,,
"USW00093822","2021-04-27",,,"56","29.78","29.13","62","16.11",,,,,,,,,,"0.00",,"   59","   42","   76","0.0","0.0",,"83","61",,,"  190","  190",,,,,,"25.1","34.0",,,,,,,,,,,,,,,,,,,,,,,,
"USW00093822","2021-04-28",,,"65","29.84","29.18","66","8.95",,,,,,,,,,"0.38",,"   89","   66","  100","0.0","0.0",,"72","63",,,"  170","  210",,,,,,"18.1","25.1",,,"    1",,,,,,,,,,,,,,,,,,,,,
"USW00093822","2021-04-29",,,"53","29.90","29.28","57","9.62",,,,,,,,,,"0.14",,"   80","   47","  100","0.0","0.0",,"70","53",,,"  300","  290",,,,,,"19.9","28.0",,,"    1","    1",,,,,,,,,,,,,,,,,,,,
"USW00093822","2021-04-30",,,"41","30.12","29.48","51","9.62",,,,,,,,,,"0.00",,"   49","   27","   97","0.0","0.0",,"73","45",,,"  320","  310",,,,,,"21.9","34.0",,,,,,,,,,,,,,,,,,,,,,,,
"USW00093822","2021-05-01",,,"46","29.92","29.23","56","14.76",,,,,,,,,,"0.00",,"   48","   30","   64","0.0","0.0",,"84","50",,,"  160","  230",,,,,,"25.1","36.0",,,,,,,,,,,,,,,,,,,,,,,,
"USW00093822","2021-05-02",,,"55","29.71","29.03","60","14.99",,,,,,,,,,"0.08",,"   68","   50","   97","0.0","0.0",,"77","60",,,"  180","  190",,,,,,"25.1","35.1",,,"    1",,,,,,,,,,,,,,,,,,,,,
"USW00093822","2021-05-03",,,"62","29.62","28.99","63","7.83",,,,,,,,,,"0.15",,"   90","   60","  100","0.0","0.0",,"78","60",,,"  280","  270",,,,,,"28.0","40.0",,,"    1",,"    1",,,,,,,,,,,,,,,,,,,
"USW00093822","2021-05-04",,,"53","29.85","29.23","54","6.93",,,,,,,,,,"0.19",,"   90","   67","  100","0.0","0.0",,"61","46",,,"  320","  310",,,,,,"17.0","21.9",,,"    1",,,,,,,,,,,,,,,,,,,,,
"USW00093822","2021-05-05",,,"43","30.10","29.46","50","4.25",,,,,,,,,,"0.00",,"   63","   38","  100","0.0","0.0",,"66","46",,,"   50","   40",,,,,,"15.0","19.9",,,"    1",,,,,,,,,,,,,,,,,,,,,
"USW00093822","2021-05-06",,,"43","30.08","29.41","49","9.40",,,,,,,,,,"0.00",,"   62","   36","  100","0.0","0.0",,"68","48",,,"  340","  350",,,,,,"25.9","38.0",,,,,,,,,,,,,,,,,,,,,,,,
"USW00093822","2021-05-07",,,"36","30.03","29.38","47","12.53",,,,,,,,,,"0.00",,"   47","   24","   82","0.0","0.0",,"73","41",,,"  330","  290",,,,,,"28.0","38.0",,,,,,,,,,,,,,,,,,,,,,,,
"USW00093822","2021-05-08",,,"38","30.03","29.33","44","11.41",,,,,,,,,,"0.29",,"   64","   36","   97","0.0","0.0",,"61","39",,,"   90","   80",,,,,,"23.9","33.1",,,"    1",,,,,,,,,,,,,,,,,,,,,
"USW00093822","2021-05-09",,,"42","29.90","29.24","44","13.20",,,,,,,,,,"0.96",,"   90","   66","  100","0.0","0.0",,"53","38",,,"   70","   90",,,,,,"30.0","42.1",,,"    1",,"    1",,,,,,,,,,,,,,,,,,,
"USW00093822","2021-05-10",,,"41","30.13","29.48","47","5.37",,,,,,,,,,"0.00",,"   68","   40","  100","0.0","0.0",,"63","36",,,"   40","  250",,,,,,"13.0","17.0",,,"    1",,,,,,,,,,,,,,,,,,,,,
"USW00093822","2021-05-11",,,"37","30.30","29.65","45","10.96",,,,,,,,,,"0.01",,"   60","   41","  100","0.0","0.0",,"60","44",,,"   60","   70",,,,,,"21.0","28.0",,,,,,,,,,,,,,,,,,,,,,,,
"USW00093822","2021-05-12",,,"32","30.42","29.75","43","7.16",,,,,,,,,,"0.00",,"   54","   28","   90","0.0","0.0",,"64","34",,,"   50","   50",,,,,,"21.0","28.0",,,,,,,,,,,,,,,,,,,,,,,,
"USW00093822","2021-05-13",,,"34","30.38","29.70","45","2.68",,,,,,,,,,"0.00",,"   56","   20","   97","0.0","0.0",,"69","35",,,"   70","   70",,,,,,"10.1","15.0",,,,,,,,,,,,,,,,,,,,,,,,
"USW00093822","2021-05-14",,,"35","30.29","29.62","47","5.37",,,,,,,,,,"0.00",,"   46","   22","   96","0.0","0.0",,"71","39",,,"  180","  160",,,,,,"17.0","23.9",,,,,,,,,,,,,,,,,,,,,,,,
"USW00093822","2021-05-15",,,"44","30.19","29.52","51","7.61",,,,,,,,,,"0.01",,"   57","   42","   86","0.0","0.0",,"64","55",,,"  180","  180",,,,,,"14.1","19.0",,,,,,,,,,,,,,,,,,,,,,,,
"USW00093822","2021-05-16",,,"53","30.12","29.44","58","8.28",,,,,,,,,,"1.26",,"   70","   42","  100","0.0","0.0",,"75","56",,,"  100","  150",,,,,,"17.0","23.9",,,"    1",,"    1",,,,,,,,,,,,,,,,,,,
"USW00093822","2021-05-17",,,"61","30.08","29.42","62","10.51",,,,,,,,,,"1.52",,"   94","   60","  100","0.0","0.0",,"69","60",,,"  160","  160",,,,,,"21.9","29.1",,,"    1",,,,,,,,,,,,,,,,,,,,,
"USW00093822","2021-05-18",,,"63","30.08","29.42","63","14.99",,,,,,,,,,"0.85",,"   93","   84","  100","0.0","0.0",,"68","61",,,"  150","  160",,,,,,"23.0","35.1",,,"    1",,,,,,,,,,,,,,,,,,,,,
"USW00093822","2021-05-19",,,"65","30.13","29.48","67","14.99",,,,,,,,,,"0.00",,"   81","   69","  100","0.0","0.0",,"78","65",,,"  160","  180",,,,,,"23.0","29.1",,,,,,,,,,,,,,,,,,,,,,,,
"USW00093822","2021-05-20",,,"62","30.17","29.52","67","15.21",,,,,,,,,,"0.00",,"   65","   28","   93","0.0","0.0",,"83","68",,,"  180","  160",,,,,,"23.9","32.0",,,,,,,,,,,,,,,,,,,,,,,,
"USW00093822","2021-05-21",,,"61","30.29","29.65","66","11.86",,,,,,,,,,"0.00",,"   61","   49","   76","0.0","0.0",,"84","66",,,"  200","  180",,,,,,"21.9","29.1",,,,,,,,,,,,,,,,,,,,,,,,
"USW00093822","2021-05-22",,,"63","30.31","29.65","67","5.82",,,,,,,,,,"0.00",,"   69","   53","   93","0.0","0.0",,"83","67",,,"  270","  250",,,,,,"14.1","18.1",,,,,,,,,,,,,,,,,,,,,,,,
"USW00093822","2021-05-23",,,"63","30.19","29.52","68","4.25",,,,,,,,,,"0.00",,"   68","   40","  100","0.0","0.0",,"87","64",,,"  260","  260",,,,,,"15.0","21.0",,,"    1",,,,,,,,,,,,,,,,,,,,,
"USW00093822","2021-05-24",,,"61","30.11","29.45","67","6.93",,,,,,,,,,"0.00",,"   59","   32","   97","0.0","0.0",,"87","64",,,"  190","  190",,,,,,"18.1","25.1",,,,,,,,,,,,,,,,,,,,,,,,
"USW00093822","2021-05-25",,,"63","30.02","29.36","68","9.84",,,,,,,,,,"0.03",,"   65","   42","   96","0.0","0.0",,"87","69",,,"  270","  200",,,,,,"23.9","32.0",,,,,,,,,,,,,,,,,,,,,,,,
"USW00093822","2021-05-26",,,"61","30.04","29.40","66","4.92",,,,,,,,,,"0.07",,"   66","   30","   97","0.0","0.0",,"88","63",,,"  300","  300",,,,,,"14.1","21.0",,,"    1",,,,,,,,,,,,,,,,,,,,,
"USW00093822","2021-05-27",,,"64","29.94","29.27","66","8.28",,,,,,,,,,"0.36",,"   86","   58","   97","0.0","0.0",,"81","61",,,"  240","  250",,,,,,"23.9","38.0",,,"    1",,"    1",,,,,,,,,,,,,,,,,,,
"USW00093822","2021-05-28",,,"51","29.97","29.33","52","10.96",,,,,,,,,,"0.27",,"   95","   84","  100","0.0","0.0",,"67","46",,,"  350","  350",,,,,,"19.9","27.1",,,"    1",,"    1",,,,,,,,,,,,,,,,,,,
"USW00093822","2021-05-29",,,"42","30.17","29.52","48","9.84",,,,,,,,,,"0.00",,"   63","   37","  100","0.0","0.0",,"65","46",,,"   20","   20",,,,,,"21.9","30.0",,,"    1",,,,,,,,,,,,,,,,,,,,,
"USW00093822","2021-05-30",,,"44","30.25","29.59","51","3.80",,,,,,,,,,"0.00",,"   60","   38","  100","0.0","0.0",,"71","41",,,"  150","  100",,,,,,"8.9","13.0",,,,,,,,,,,,,,,,,,,,,,,,
"USW00093822","2021-05-31",,,"51","30.24","29.59","56","4.70",,,,,,,,,,"0.00",,"   67","   47","   84","0.0","0.0",,"69","56",,,"   10","  200",,,,,,"12.1","19.0",,,,,,,,,,,,,,,,,,,,,,,,
"USW00093822","2021-06-01",,,"54","30.15","29.48","59","5.82",,,,,,,,,,"0.00",,"   64","   51","   81","0.0","0.0",,"74","59",,,"  140","  150",,,,,,"13.0","19.0",,,,,,,,,,,,,,,,,,,,,,,,
"USW00093822","2021-06-02",,,"58","29.96","29.29","62","4.25",,,,,,,,,,"0.00",,"   72","   50","   97","0.0","0.0",,"78","57",,,"   30","   70",,,,,,"13.0","18.1",,,"    1",,,,,,,,,,,,,,,,,,,,,
"USW00093822","2021-06-03",,,"54","29.93","29.28","62","4.92",,,,,,,,,,"0.00",,"   57","   29","   96","0.0","0.0",,"85","56",,,"  290","  300",,,,,,"13.0","23.0",,,,,,,,,,,,,,,,,,,,,,,,
"USW00093822","2021-06-04",,,"55","29.97","29.33","63","7.16",,,,,,,,,,"0.00",,"   51","   32","   93","0.0","0.0",,"86","60",,,"  200","  230",,,,,,"17.0","23.0",,,,,,,,,,,,,,,,,,,,,,,,
"USW00093822","2021-06-05",,,"60","29.94","29.28","67","9.17",,,,,,,,,,"0.00",,"   57","   38","   81","0.0","0.0",,"89","67",,,"  180","  210",,,,,,"15.0","25.9",,,,,,,,,,,,,,,,,,,,,,,,
"USW00093822","2021-06-06",,,"66","29.91","29.26","70","10.74",,,,,,,,,,"0.00",,"   70","   53","   88","0.0","0.0",,"87","67",,,"  160","  170",,,,,,"18.1","23.9",,,,,,,,,,,,,,,,,,,,,,,,
"USW00093822","2021-06-07",,,"70","29.92","29.28","71","8.05",,,,,,,,,,"0.06",,"   85","   63","   97","0.0","0.0",,"85","71",,,"  120","  130",,,,,,"17.0","21.9",,,"    1",,"    1",,,,,,,,,,,,,,,,,,,
"USW00093822","2021-06-08",,,"68","29.97","29.33","71","7.61",,,,,,,,,,"0.00",,"   79","   57","  100","0.0","0.0",,"85","64",,,"  140",,,,,,,"13.0",,,,"    1",,,,,,,,,,,,,,,,,,,,,
"USW00093822","2021-06-09",,,"70","29.97","29.32","72","5.37",,,,,,,,,,"0.00",,"   83","   59","  100","0.0","0.0",,"88","66",,,"   80","   80",,,,,,"13.0","16.1",,,"    1",,,,,,,,,,,,,,,,,,,,,
"USW00093822","2021-06-10",,,"70","29.89","29.24","73","3.36",,,,,,,,,,"0.00",,"   73","   49","   97","0.0","0.0",,"92","68",,,"   90","   90",,,,,,"14.1","21.0",,,"    1",,,,,,,,,,,,,,,,,,,,,
"USW00093822","2021-06-11",,,"70","29.82","29.18","74","3.13",,,,,,,,,,"0.00",,"   69","   40","   97","0.0","0.0",,"95","68",,,"  290","  340",,,,,,"13.0","17.0",,,"    1",,,,,,,,,,,,,,,,,,,,,
"USW00093822","2021-06-12",,,"70","29.84","29.21","74","5.37",,,,,,,,,,"0.00",,"   65","   44","   97","0.0","0.0",,"96","71",,,"  350","  340",,,,,,"15.0","21.9",,,,,"    1",,,,,,,,,,,,,,,,,,,
"USW00093822","2021-06-13",,,"57","29.96","29.32","65","7.61",,,,,,,,,,"0.00",,"   50","   29","   91","0.0","0.0",,"90","66",,,"  350","   40",,,,,,"15.0","21.9",,,,,,,,,,,,,,,,,,,,,,,,
"USW00093822","2021-06-14",,,"57","29.97","29.33","65","8.95",,,,,,,,,,"0.00",,"   52","   27","   78","0.0","0.0",,"89","63",,,"  340","  340",,,,,,"18.1","28.0",,,,,,,,,,,,,,,,,,,,,,,,
"USW00093822","2021-06-15",,,"54","30.04","29.40","63","4.92",,,,,,,,,,"0.00",,"   50","   30","   87","0.0","0.0",,"90","59",,,"   80","   80",,,,,,"17.0","25.1",,,,,,,,,,,,,,,,,,,,,,,,
"USW00093822","2021-06-16",,,"52","30.06","29.40","61","4.03",,,,,,,,,,"0.00",,"   51","   29","   78","0.0","0.0",,"86","59",,,"   80","   80",,,,,,"15.0","21.0",,,,,,,,,,,,,,,,,,,,,,,,
"USW00093822","2021-06-17",,,"60","29.93","29.27","67","10.51",,,,,,,,,,"0.00",,"   50","   39","   67","0.0","0.0",,"93","62",,,"  170","  140",,,,,,"17.0","23.0",,,,,,,,,,,,,,,,,,,,,,,,
"USW00093822","2021-06-18",,,"70","29.81","29.16","74","9.17",,,,,,,,,,"0.03",,"   66","   35","   88","0.0","0.0",,"99","72",,,"  280","  270",,,,,,"25.9","38.0",,,,,"    1",,,,,,,,,,,,,,,,,,,
"USW00093822","2021-06-19",,,"69","29.80","29.15","70","8.95",,,,,,,,,,"1.11",,"   85","   70","   97","0.0","0.0",,"86","66",,,"  300","  300",,,,,,"36.9","70.0",,,"    1",,"    1",,,,,,,,,,,,,,,,,,,
"USW00093822","2021-06-20",,,"69","29.67","29.03","72","8.28",,,,,,,,,,"0.01",,"   72","   55","   96","0.0","0.0",,"88","68",,,"  250","  260",,,,,,"21.9","30.0",,,,,,,,,,,,,,,,,,,,,,,,
"USW00093822","2021-06-21",,,"57","29.86","29.21","61","11.18",,,,,,,,,,"0.00",,"   68","   47","   87","0.0","0.0",,"76","54",,,"  330","  330",,,,,,"23.0","32.0",,,,,,,,,,,,,,,,,,,,,,,,
"USW00093822","2021-06-22",,,"49","30.02","29.35","57","5.59",,,,,,,,,,"0.00",,"   55","   35","   97","0.0","0.0",,"77","48",,,"  190","  180",,,,,,"14.1","19.0",,,,,,,,,,,,,,,,,,,,,,,,
"USW00093822","2021-06-23",,,"51","30.01","29.36","61","14.99",,,,,,,,,,"0.00",,"   45","   33","   86","0.0","0.0",,"84","66",,,"  180","  190",,,,,,"23.9","33.1",,,,,,,,,,,,,,,,,,,,,,,,
"USW00093822","2021-06-24",,,"66","29.96","29.30","68","9.62",,,,,,,,,,"0.97",,"   82","   47","   97","0.0","0.0",,"76","67",,,"  120","  110",,,,,,"21.9","27.1",,,"    1",,"    1",,,,,,,,,,,,,,,,,,,
"USW00093822","2021-06-25",,,"71","29.87","29.21","72","10.96",,,,,,,,,,"1.90",,"   88","   63","  100","0.0","0.0",,"87","70",,,"  260","  250",,,,,,"38.0","51.0",,,"    1",,"    1",,,,,,,,,,,,,,,,,,,
"USW00093822","2021-06-26",,,"71","29.84","29.18","74","15.21",,,,,,,,,,"0.06",,"   79","   31","   97","0.0","0.0",,"86","72",,,"  300","  300",,,,,,"33.1","53.0",,,"    1",,"    1",,,,,"    1",,,,,,,,,,,,,,
"USW00093822","2021-06-27",,,"73","29.97","29.33","75","6.49",,,,,,,,,,"0.28",,"   87","   68","  100","0.0","0.0",,"86","72",,,"  260","  200",,,,,,"13.0","18.1",,,"    1",,"    1",,,,,,,,,,,,,,,,,,,
"USW00093822","2021-06-28",,,"73","30.09","29.45","75","6.49",,,,,,,,,,"0.08",,"   87","   72","   97","0.0","0.0",,"86","72",,,"  190","  190",,,,,,"19.9","25.9",,,"    1",,"    1",,,,,,,,,,,,,,,,,,,
"USW00093822","2021-06-29",,,"72","30.14","29.49","74","5.37",,,,,,,,,,"0.21",,"   84","   57","  100","0.0","0.0",,"90","70",,,"  260","  250",,,,,,"25.9","38.0",,,"    1",,"    1",,,,,,,,,,,,,,,,,,,
"USW00093822","2021-06-30",,,"73","30.07","29.41","73","2.24",,,,,,,,,,"0.71",,"   93","   82","  100","0.0","0.0",,"81","71",,,"  270","  290",,,,,,"8.1","11.0",,,"    1",,"    1",,,,,,,,,,,,,,,,,,,
"USW00093822","2021-07-01",,,"68","29.98","29.34","70","8.05",,,,,,,,,,"0.01",,"   78","   51","  100","0.0","0.0",,"85","64",,,"   40","   20",,,,,,"18.1","23.9",,,,,,,,,,,,,,,,,,,,,,,,
"USW00093822","2021-07-02",,,"59","30.06","29.41","63","6.26",,,,,,,,,,"0.00",,"   71","   52","  100","0.0","0.0",,"79","59",,,"   40","  350",,,,,,"13.0","18.1",,,,,,,,,,,,,,,,,,,,,,,,
"USW00093822","2021-07-03",,,"60","30.04","29.39","64","2.46",,,,,,,,,,"0.00",,"   70","   41","   93","0.0","0.0",,"83","58",,,"  320","  340",,,,,,"8.9","12.1",,,"    1",,,,,,,,,,,,,,,,,,,,,
"USW00093822","2021-07-04",,,"64","30.00","29.34","68","4.25",,,,,,,,,,"0.00",,"   69","   48","   93","0.0","0.0",,"86","63",,,"  270","  280",,,,,,"12.1","15.0",,,,,,,,,,"    1",,,,,,,,,,,,,,
"USW00093822","2021-07-05",,,"67","30.03","29.38","71","4.70",,,,,,,,,,"0.00",,"   72","   53","   93","0.0","0.0",,"88","66",,,"  260","  210",,,,,,"13.0","17.0",,,"    1",,,,,,,"    1",,,,,,,,,,,,,,
"USW00093822","2021-07-06",,,"69","30.02","29.38","72","4.92",,,,,,,,,,"0.00",,"   72","   53","   90","0.0","0.0",,"88","67",,,"  190","  190",,,,,,"13.0","18.1",,,"    1",,,,,,,,,,,,,,,,,,,,,
"USW00093822","2021-07-07",,,"68","29.90","29.24","72","4.92",,,,,,,,,,"0.20",,"   70","   46","   94","0.0","0.0",,"89","70",,,"  200","  200",,,,,,"17.0","25.9",,,"    1",,"    1",,,,,,,,,,,,,,,,,,,
"USW00093822","2021-07-08",,,"67","29.91","29.28","69","6.49",,,,,,,,,,"0.00",,"   82","   69","   94","0.0","0.0",,"79","64",,,"  310","  330",,,,,,"15.0","19.0",,,"    1",,,,,,,"    1",,,,,,,,,,,,,,
"USW00093822","2021-07-09",,,"64","30.02","29.36","66","5.82",,,,,,,,,,"1.00",,"   78","   60","  100","0.0","0.0",,"80","61",,,"  150","  140",,,,,,"31.1","40.0",,,"    1",,"    1",,,,,,,,,,,,,,,,,,,
"USW00093822","2021-07-10",,,"67","29.86","29.19","68","7.83",,,,,,,,,,"0.42",,"   89","   77","   96","0.0","0.0",,"77","65",,,"  160","  160",,,,,,"21.9","29.1",,,"    1",,"    1",,,,,,,,,,,,,,,,,,,
"USW00093822","2021-07-11",,,"68","29.84","29.21","69","5.82",,,,,,,,,,"0.42",,"   89","   64","  100","0.0","0.0",,"80","68",,,"   30","   20",,,,,,"18.1","23.0",,,"    1",,"    1",,,,,,,,,,,,,,,,,,,
"USW00093822","2021-07-12",,,"69","29.94","29.31","70","5.59",,,,,,,,,,"1.00",,"   92","   77","  100","0.0","0.0",,"79","68",,,"   70","  300",,,,,,"13.0","16.1",,,"    1",,"    1",,,,,,,,,,,,,,,,,,,
"USW00093822","2021-07-13",,,"67","30.07","29.44","69","6.49",,,,,,,,,,"0.00",,"   83","   64","   96","0.0","0.0",,"81","68",,,"  260","  250",,,,,,"13.0","18.1",,,"    1",,,,,,,,,,,,,,,,,,,,,
"USW00093822","2021-07-14",,,"69","30.08","29.42","72","11.18",,,,,,,,,,"0.00",,"   74","   63","   96","0.0","0.0",,"86","68",,,"  180","  190",,,,,,"18.1","25.9",,,,,,,,,,,,,,,,,,,,,,,,
"USW00093822","2021-07-15",,,"70","29.99","29.33","71","8.72",,,,,,,,,,"1.47",,"   84","   67","   97","0.0","0.0",,"84","69",,,"  290","  280",,,,,,"23.9","34.0",,,"    1",,"    1",,,,,,,,,,,,,,,,,,,
"USW00093822","2021-07-16",,,"69","29.97","29.31","70","5.37",,,,,,,,,,"0.11",,"   89","   79","   94","0.0","0.0",,"77","67",,,"  200","  190",,,,,,"12.1","18.1",,,"    1",,,,,,,,,,,,,,,,,,,,,
"USW00093822","2021-07-17",,,"65","30.09","29.45","68","4.92",,,,,,,,,,"0.00",,"   78","   57","   97","0.0","0.0",,"82","62",,,"   40","   40",,,,,,"13.0","16.1",,,"    1",,,,,,,,,,,,,,,,,,,,,
"USW00093822","2021-07-18",,,"66","30.13","29.49","69","4.92",,,,,,,,,,"0.00",,"   81","   58","   96","0.0","0.0",,"83","64",,,"   50","   60",,,,,,"12.1","15.0",,,"    1","    1",,,,,,,,,,,,,,,,,,,,
"USW00093822","2021-07-19",,,"66","30.13","29.47","69","5.59",,,,,,,,,,"0.00",,"   76","   55","   97","0.0","0.0",,"84","65",,,"   70","   60",,,,,,"14.1","18.1",,,"    1",,,,,,,,,,,,,,,,,,,,,
"USW00093822","2021-07-20",,,"66","30.08","29.42","69","4.03",,,,,,,,,,"0.00",,"   76","   53","   97","0.0","0.0",,"85","64",,,"  350","   20",,,,,,"13.0","17.0",,,"    1",,,,,,,,,,,,,,,,,,,,,
"USW00093822","2021-07-21",,,"69","30.09","29.45","72","2.91",,,,,,,,,,"0.00",,"   77","   55","   94","0.0","0.0",,"87","65",,,"   30","   30",,,,,,"8.9","13.0",,,"    1",,,,,,,,,,,,,,,,,,,,,
"USW00093822","2021-07-22",,,"71","30.13","29.49","74","4.92",,,,,,,,,,"0.00",,"   77","   57","   94","0.0","0.0",,"88","70",,,"  250","  260",,,,,,"10.1","13.0",,,"    1",,,,,,,"    1",,,,,,,,,,,,,,
"USW00093822","2021-07-23",,,"71","30.08","29.42","74","6.26",,,,,,,,,,"0.00",,"   75","   57","   91","0.0","0.0",,"89","71",,,"  220","  200",,,,,,"10.1","16.1",,,"    1",,,,,,,"    1",,,,,,,,,,,,,,
"USW00093822","2021-07-24",,,"74","29.94","29.28","76","8.28",,,,,,,,,,"0.01",,"   76","   57","   91","0.0","0.0",,"92","74",,,"  300","  310",,,,,,"17.0","25.1",,,"    1",,"    1",,,,,,,,,,,,,,,,,,,
"USW00093822","2021-07-25",,,"70","29.95","29.31","73","4.25",,,,,,,,,,"0.00",,"   74","   44","   94","0.0","0.0",,"90","70",,,"  360","  360",,,,,,"14.1","17.0",,,,,,,,,,,,,,,,,,,,,,,,
"USW00093822","2021-07-26",,,"66","30.01","29.38","70","2.91",,,,,,,,,,"0.00",,"   68","   39","   97","0.0","0.0",,"89","66",,,"  360","   30",,,,,,"10.1","16.1",,,"    1",,,,,,,,,,,,,,,,,,,,,
"USW00093822","2021-07-27",,,"67","30.03","29.39","71","1.79",,,,,,,,,,"0.00",,"   74","   47","   96","0.0","0.0",,"90","64",,,"  250","   50",,,,,,"10.1","13.0",,,"    1",,,,,,,,,,,,,,,,,,,,,
"USW00093822","2021-07-28",,,"72","30.03","29.37","74","3.13",,,,,,,,,,"0.00",,"   78","   59","   96","0.0","0.0",,"89","68",,,"  200","  220",,,,,,"12.1","15.0",,,"    1",,,,,,,,,,,,,,,,,,,,,
"USW00093822","2021-07-29",,,"76","29.97","29.32","77","5.59",,,,,,,,,,"0.00",,"   84","   70","   94","0.0","0.0",,"89","73",,,"  260","  250",,,,,,"16.1","21.0",,,"    1",,,,,,,,,,,,,,,,,,,,,
"USW00093822","2021-07-30",,,"65","30.08","29.44","68","8.05",,,,,,,,,,"0.00",,"   75","   58","   90","0.0","0.0",,"80","67",,,"   90","   70",,,,,,"15.0","19.9",,,"    1",,,,,,,,,,,,,,,,,,,,,
"USW00093822","2021-07-31",,,"58","30.03","29.38","60","5.37",,,,,,,,,,"0.51",,"   83","   61","   97","0.0","0.0",,"68","58",,,"  100","  110",,,,,,"13.0","17.0",,,"    1",,,,,,,,,,,,,,,,,,,,,
"USW00093822","2021-08-01",,,"62","30.05","29.41","65","6.26",,,,,,,,,,"0.00",,"   77","   49","   97","0.0","0.0",,"82","59",,,"  350","  360",,,,,,"14.1","19.0",,,"    1",,,,,,,"    1",,,,,,,,,,,,,,
"USW00093822","2021-08-02",,,"57","30.12","29.47","62","4.25",,,,,,,,,,"0.00",,"   71","   42","   96","0.0","0.0",,"79","58",,,"   10","   40",,,,,,"12.1","16.1",,,"    1",,,,,,,,,,,,,,,,,,,,,
"USW00093822","2021-08-03",,,"58","30.10","29.44","62","2.01",,,,,,,,,,"0.00",,"   71","   45","   97","0.0","0.0",,"81","54",,,"   50","   30",,,,,,"10.1","14.1",,,"    1",,,,,,,,,,,,,,,,,,,,,
"USW00093822","2021-08-04",,,"60","30.11","29.46","64","1.57",,,,,,,,,,"0.00",,"   70","   41","   97","0.0","0.0",,"84","57",,,"   30","   30",,,,,,"10.1","13.0",,,"    1",,,,,,,,,,,,,,,,,,,,,
"USW00093822","2021-08-05",,,"61","30.07","29.41","66","5.82",,,,,,,,,,"0.00",,"   67","   51","   96","0.0","0.0",,"83","59",,,"  180","  170",,,,,,"13.0","19.0",,,,,,,,,,,,,,,,,,,,,,,,
"USW00093822","2021-08-06",,,"67","30.01","29.35","70","8.50",,,,,,,,,,"0.00",,"   75","   69","   93","0.0","0.0",,"82","69",,,"  200","  190",,,,,,"14.1","19.0",,,,,,,,,,,,,,,,,,,,,,,,
"USW00093822","2021-08-07",,,"70","29.96","29.32","73","8.05",,,,,,,,,,"0.00",,"   75","   59","   90","0.0","0.0",,"88","69",,,"  180","  180",,,,,,"15.0","23.0",,,"    1",,,,,,,,,,,,,,,,,,,,,
"USW00093822","2021-08-08",,,"70","29.90","29.24","72","11.41",,,,,,,,,,"0.66",,"   81","   66","   94","0.0","0.0",,"88","70",,,"  260","  260",,,,,,"33.1","45.0",,,"    1",,"    1",,,,,,,,,,,,,,,,,,,
"USW00093822","2021-08-09",,,"73","29.89","29.24","74","12.75",,,,,,,,,,"2.18",,"   86","   72","   97","0.0","0.0",,"87","70",,,"  190","  190",,,,,,"21.9","34.0",,,"    1",,"    1",,,,,,,,,,,,,,,,,,,
"USW00093822","2021-08-10",,,"75","29.91","29.28","77","8.50",,,,,,,,,,"0.00",,"   80","   68","   94","0.0","0.0",,"90","76",,,"  220","  220",,,,,,"19.9","31.1",,,,,,,,,,,,,,,,,,,,,,,,
"USW00093822","2021-08-11",,,"75","29.89","29.24","77","11.41",,,,,,,,,,"0.00",,"   76","   65","   88","0.0","0.0",,"89","77",,,"  200","  190",,,,,,"25.1","38.0",,,,,,,,,,,,,,,,,,,,,,,,
"USW00093822","2021-08-12",,,"70","29.96","29.34","72","7.83",,,,,,,,,,"0.61",,"   78","   63","   96","0.0","0.0",,"89","68",,,"  330","  300",,,,,,"31.1","46.1",,,"    1",,"    1",,,,,,,,,,,,,,,,,,,
"USW00093822","2021-08-13",,,"68","30.09","29.46","70","4.92",,,,,,,,,,"0.00",,"   83","   65","   97","0.0","0.0",,"84","64",,,"  330","  360",,,,,,"13.0","18.1",,,"    1",,,,,,,,,,,,,,,,,,,,,
"USW00093822","2021-08-14",,,"62","30.20","29.56","65","3.80",,,,,,,,,,"0.00",,"   72","   41","   97","0.0","0.0",,"84","60",,,"   20","  350",,,,,,"10.1","14.1",,,,,,,,,,,,,,,,,,,,,,,,
"USW00093822","2021-08-15",,,"58","30.15","29.48","62","5.37",,,,,,,,,,"0.00",,"   69","   43","   93","0.0","0.0",,"79","60",,,"   40","   30",,,,,,"14.1","21.9",,,,,,,,,,,,,,,,,,,,,,,,
"USW00093822","2021-08-16",,,"63","30.04","29.38","66","3.80",,,,,,,,,,"0.00",,"   78","   60","   93","0.0","0.0",,"82","59",,,"   70","   50",,,,,,"13.0","16.1",,,,,,,,,,,,,,,,,,,,,,,,
"USW00093822","2021-08-17",,,"67","30.00","29.34","70","1.57",,,,,,,,,,"0.00",,"   81","   59","   97","0.0","0.0",,"85","64",,,"   30","  110",,,,,,"8.9","11.0",,,"    1",,,,,,,,,,,,,,,,,,,,,
"USW00093822","2021-08-18",,,"68","30.05","29.41","70","1.34",,,,,,,,,,"0.00",,"   77","   53","   97","0.0","0.0",,"87","64",,,"  250","  240",,,,,,"8.9","12.1",,,"    1","    1",,,,,,,,,,,,,,,,,,,,
"USW00093822","2021-08-19",,,"68","30.04","29.38","71","0.89",,,,,,,,,,"0.00",,"   78","   51","  100","0.0","0.0",,"89","63",,,"  250","   20",,,,,,"6.9","8.1",,,"    1","    1",,,,,,"    1",,,,,,,,,,,,,,
"USW00093822","2021-08-20",,,"70","29.92","29.26","72","5.82",,,,,,,,,,"0.00",,"   78","   63","   97","0.0","0.0",,"88","66",,,"  160","  150",,,,,,"14.1","19.9",,,"    1","    1",,,,,,"    1",,,,,,,,,,,,,,
"USW00093822","2021-08-21",,,"72","29.86","29.23","73","4.25",,,,,,,,,,"0.27",,"   87","   67","   97","0.0","0.0",,"84","71",,,"  340","  360",,,,,,"16.1","21.9",,,"    1",,,,,,,"    1",,,,,,,,,,,,,,
"USW00093822","2021-08-22",,,"67","29.98","29.34","70","4.70",,,,,,,,,,"0.00",,"   77","   59","   97","0.0","0.0",,"85","66",,,"  360","  360",,,,,,"13.0","17.0",,,"    1",,,,,,,"    1",,,,,,,,,,,,,,
"USW00093822","2021-08-23",,,"70","29.96","29.32","72","4.70",,,,,,,,,,"0.01",,"   82","   62","   96","0.0","0.0",,"91","63",,,"  270","  190",,,,,,"23.0","25.1",,,"    1",,"    1",,,,,,,,,,,,,,,,,,,
"USW00093822","2021-08-24",,,"72","29.97","29.33","75","8.50",,,,,,,,,,"0.02",,"   77","   56","   94","0.0","0.0",,"93","71",,,"   10","   20",,,,,,"30.0","42.9",,,,,"    1",,,,,,,,,,,,,,,,,,,
"USW00093822","2021-08-25",,,"73","30.05","29.41","75","6.49",,,,,,,,,,"0.81",,"   77","   56","   94","0.0","0.0",,"94","71",,,"   50","   10",,,,,,"21.0","30.0",,,"    1",,"    1",,,,,,,,,,,,,,,,,,,
"USW00093822","2021-08-26",,,"71","30.08","29.44","73","5.14",,,,,,,,,,"0.04",,"   84","   60","  100","0.0","0.0",,"93","69",,,"  110","  130",,,,,,"21.9","28.0",,,"    1",,"    1",,,,,,,,,,,,,,,,,,,
"USW00093822","2021-08-27",,,"72","30.02","29.38","74","7.16",,,,,,,,,,"0.00",,"   77","   59","  100","0.0","0.0",,"91","68",,,"  200","  200",,,,,,"19.9","28.0",,,,,,,,,,,,,,,,,,,,,,,,
"USW00093822","2021-08-28",,,"72","30.07","29.42","75","8.72",,,,,,,,,,"0.00",,"   74","   57","   93","0.0","0.0",,"89","74",,,"  180","  170",,,,,,"15.0","21.9",,,,,,,,,,,,,,,,,,,,,,,,
"USW00093822","2021-08-29",,,"73","30.02","29.36","75","6.49",,,,,,,,,,"0.00",,"   75","   55","   94","0.0","0.0",,"90","73",,,"  260","  260",,,,,,"17.0","23.0",,,,,,,,,,,,,,,,,,,,,,,,
"USW00093822","2021-08-30",,,"70","29.93","29.26","72","4.25",,,,,,,,,,"0.00",,"   80","   57","   96","0.0","0.0",,"88","69",,,"  170","  170",,,,,,"14.1","18.1",,,"    1",,,,,,,,,,,,,,,,,,,,,
"USW00093822","2021-08-31",,,"68","29.78","29.13","70","6.71",,,,,,,,,,"1.09",,"   83","   63","  100","0.0","0.0",,"85","67",,,"   50","   50",,,,,,"19.9","30.0",,,"    1",,,,,,,,,,,,,,,,,,,,,
"USW00093822","2021-09-01",,,"62","29.92","29.29","65","8.05",,,,,,,,,,"0.00",,"   74","   50","   97","0.0","0.0",,"81","59",,,"   60","   40",,,,,,"15.0","23.0",,,,,,,,,,,,,,,,,,,,,,,,
"USW00093822","2021-09-02",,,"58","30.06","29.42","62","5.37",,,,,,,,,,"0.00",,"   72","   50","   96","0.0","0.0",,"80","55",,,"  130","  130",,,,,,"13.0","17.0",,,,,,,,,,,,,,,,,,,,,,,,
"USW00093822","2021-09-03",,,"59","30.02","29.35","63","8.50",,,,,,,,,,"0.00",,"   71","   62","   93","0.0","0.0",,"74","60",,,"  150","  150",,,,,,"15.0","25.1",,,,,,,,,,,,,,,,,,,,,,,,
"USW00093822","2021-09-04",,,"68","29.89","29.24","69","6.93",,,,,,,,,,"2.36",,"   92","   78","   97","0.0","0.0",,"74","65",,,"  240","  240",,,,,,"14.1","21.0",,,"    1",,,,,,,,,,,,,,,,,,,,,
"USW00093822","2021-09-05",,,"59","29.96","29.31","63","4.25",,,,,,,,,,"0.00",,"   75","   44","  100","0.0","0.0",,"81","57",,,"  330","  320",,,,,,"13.0","18.1",,,"    1",,,,,,,,,,,,,,,,,,,,,
"USW00093822","2021-09-06",,,"63","29.95","29.29","67","6.26",,,,,,,,,,"0.00",,"   72","   48","   93","0.0","0.0",,"85","59",,,"  250","  250",,,,,,"15.0","19.9",,,,,,,,,,,,,,,,,,,,,,,,
"USW00093822","2021-09-07",,,"63","29.82","29.17","68","10.74",,,,,,,,,,"0.00",,"   66","   51","   86","0.0","0.0",,"87","64",,,"  210","  240",,,,,,"21.0","36.9",,,,,,,,,,,,,,,,,,,,,,,,
"USW00093822","2021-09-08",,,"54","29.90","29.26","59","7.16",,,,,,,,,,"0.00",,"   67","   35","   93","0.0","0.0",,"79","54",,,"  330","  280",,,,,,"19.9","31.1",,,,,,,,,,,,,,,,,,,,,,,,
"USW00093822","2021-09-09",,,"55","30.02","29.39","59","4.47",,,,,,,,,,"0.00",,"   73","   45","   97","0.0","0.0",,"78","52",,,"  330","  330",,,,,,"15.0","19.9",,,,,,,,,,,,,,,,,,,,,,,,
"USW00093822","2021-09-10",,,"57","30.03","29.37","61","7.83",,,,,,,,,,"0.00",,"   67","   45","  100","0.0","0.0",,"81","51",,,"  180","  180",,,,,,"16.1","23.9",,,"    1",,,,,,,,,,,,,,,,,,,,,
"USW00093822","2021-09-11",,,"62","29.96","29.31","67","11.18",,,,,,,,,,"0.00",,"   65","   48","   93","0.0","0.0",,"85","66",,,"  190","  190",,,,,,"18.1","25.9",,,,,,,,,,,,,,,,,,,,,,,,
"USW00093822","2021-09-12",,,"63","30.03","29.39","68","11.41",,,,,,,,,,"0.00",,"   64","   48","   82","0.0","0.0",,"87","68",,,"  200","  200",,,,,,"18.1","27.1",,,,,,,,,,,,,,,,,,,,,,,,
"USW00093822","2021-09-13",,,"63","30.01","29.35","68","9.62",,,,,,,,,,"0.00",,"   66","   43","   93","0.0","0.0",,"86","63",,,"  200","  200",,,,,,"21.0","29.1",,,,,,,,,,,,,,,,,,,,,,,,
"USW00093822","2021-09-14",,,"67","29.89","29.24","70","11.18",,,,,,,,,,"0.00",,"   71","   57","   87","0.0","0.0",,"88","66",,,"  250","  230",,,,,,"21.9","29.1",,,,,,,,,,,,,,,,,,,,,,,,
"USW00093822","2021-09-15",,,"56","30.00","29.36","61","4.03",,,,,,,,,,"0.00",,"   68","   37","   93","0.0","0.0",,"82","56",,,"   30","  350",,,,,,"12.1","15.0",,,,,,,,,,,,,,,,,,,,,,,,
"USW00093822","2021-09-16",,,"54","30.04","29.39","60","3.80",,,,,,,,,,"0.00",,"   63","   33","   87","0.0","0.0",,"83","55",,,"  130","  130",,,,,,"14.1","18.1",,,,,,,,,,,,,,,,,,,,,,,,
"USW00093822","2021-09-17",,,"60","30.07","29.43","64","2.01",,,,,,,,,,"0.00",,"   71","   36","   93","0.0","0.0",,"89","58",,,"   50","  220",,,,,,"8.1","13.0",,,,,,,,,,,,,,,,,,,,,,,,
"USW00093822","2021-09-18",,,"63","30.10","29.45","67","2.24",,,,,,,,,,"0.00",,"   69","   39","   90","0.0","0.0",,"91","61",,,"   30","   10",,,,,,"8.1","11.0",,,,,,,,,,,,,,,,,,,,,,,,
"USW00093822","2021-09-19",,,"65","30.02","29.36","69","8.28",,,,,,,,,,"0.00",,"   70","   43","   93","0.0","0.0",,"89","64",,,"  160","  170",,,,,,"23.0","30.0",,,,,,,,,,,,,,,,,,,,,,,,
"USW00093822","2021-09-20",,,"68","29.89","29.24","71","11.86",,,,,,,,,,"0.69",,"   77","   55","   93","0.0","0.0",,"86","66",,,"  170","  270",,,,,,"19.9","40.9",,,"    1",,"    1",,,,,,,,,,,,,,,,,,,
"USW00093822","2021-09-21",,,"58","30.07","29.43","61","8.28",,,,,,,,,,"0.70",,"   82","   63","   97","0.0","0.0",,"72","57",,,"  330","  330",,,,,,"16.1","23.0",,,"    1",,"    1",,,,,,,,,,,,,,,,,,,
"USW00093822","2021-09-22",,,"46","30.12","29.46","53","10.74",,,,,,,,,,"0.00",,"   62","   37","   96","0.0","0.0",,"71","45",,,"  350","   20",,,,,,"25.9","36.9",,,,,,,,,,,,,,,,,,,,,,,,
"USW00093822","2021-09-23",,,"44","30.05","29.39","51","6.49",,,,,,,,,,"0.00",,"   66","   31","   93","0.0","0.0",,"73","42",,,"  330","  310",,,,,,"19.9","27.1",,,,,,,,,,,,,,,,,,,,,,,,
"USW00093822","2021-09-24",,,"49","29.99","29.34","56","9.84",,,,,,,,,,"0.05",,"   58","   31","   93","0.0","0.0",,"80","46",,,"  200","  200",,,,,,"21.0","30.0",,,"    1",,,,,,,,,,,,,,,,,,,,,
"USW00093822","2021-09-25",,,"46","30.07","29.41","52","5.82",,,,,,,,,,"0.04",,"   69","   27","  100","0.0","0.0",,"73","46",,,"  270","  250",,,,,,"17.0","27.1",,,"    1","    1",,,,,,,,,,,,,,,,,,,,
"USW00093822","2021-09-26",,,"50","29.97","29.29","58","11.18",,,,,,,,,,"0.00",,"   52","   31","   93","0.0","0.0",,"83","49",,,"  190","  190",,,,,,"21.9","30.0",,,,,,,,,,,,,,,,,,,,,,,,
"USW00093822","2021-09-27",,,"56","29.85","29.21","63","12.30",,,,,,,,,,"0.00",,"   51","   31","   77","0.0","0.0",,"91","63",,,"  250","  250",,,,,,"23.0","32.0",,,,,,,,,,,,,,,,,,,,,,,,
"USW00093822","2021-09-28",,,"60","29.91","29.27","64","3.13",,,,,,,,,,"0.00",,"   68","   42","   93","0.0","0.0",,"88","55",,,"   90","   90",,,,,,"8.9","13.0",,,,,,,,,,,,,,,,,,,,,,,,
"USW00093822","2021-09-29",,,"62","29.99","29.36","66","3.36",,,,,,,,,,"0.00",,"   71","   43","   93","0.0","0.0",,"87","59",,,"  140","  120",,,,,,"12.1","17.0",,,"    1",,,,,,,,,,,,,,,,,,,,,
"USW00093822","2021-09-30",,,"62","30.09","29.45","66","4.03",,,,,,,,,,"0.00",,"   69","   40","   93","0.0","0.0",,"88","62",,,"  150","  160",,,,,,"15.0","19.9",,,,,,,,,,,,,,,,,,,,,,,,
"USW00093822","2021-10-01",,,"63","30.11","29.45","67","6.49",,,,,,,,,,"0.00",,"   74","   51","   93","0.0","0.0",,"85","61",,,"  190","  180",,,,,,"17.0","21.9",,,"    1",,,,,,,,,,,,,,,,,,,,,
"USW00093822","2021-10-02",,,"67","29.97","29.30","68","6.71",,,,,,,,,,"0.01",,"   88","   71","   97","0.0","0.0",,"78","65",,,"  200","  230",,,,,,"14.1","18.1",,,,,,,,,,,,,,,,,,,,,,,,
"USW00093822","2021-10-03",,,"64","29.87","29.21","66","7.16",,,,,,,,,,"0.24",,"   86","   69","   97","0.0","0.0",,"76","62",,,"  270","  260",,,,,,"18.1","23.9",,,"    1",,"    1",,,,,,,,,,,,,,,,,,,
"USW00093822","2021-10-04",,,"60","29.99","29.36","62","5.37",,,,,,,,,,"0.00",,"   83","   68","   97","0.0","0.0",,"72","55",,,"  340","  330",,,,,,"10.1","15.0",,,"    1",,,,,,,,,,,,,,,,,,,,,
"USW00093822","2021-10-05",,,"62","30.13","29.49","63","7.38",,,,,,,,,,"0.02",,"   88","   73","   97","0.0","0.0",,"72","60",,,"   30","   30",,,,,,"16.1","19.9",,,"    1",,,,,,,,,,,,,,,,,,,,,
"USW00093822","2021-10-06",,,"63","30.11","29.44","65","8.05",,,,,,,,,,"0.00",,"   88","   67","   97","0.0","0.0",,"76","62",,,"  100","   90",,,,,,"17.0","23.0",,,"    1",,,,,,,,,,,,,,,,,,,,,
"USW00093822","2021-10-07",,,"62","30.05","29.39","64","3.58",,,,,,,,,,"0.21",,"   87","   69","   97","0.0","0.0",,"75","57",,,"  160","  160",,,,,,"14.1","19.0",,,"    1","    1","    1",,,,,,,,,,,,,,,,,,,
"USW00093822","2021-10-08",,,"60","30.01","29.34","63","2.24",,,,,,,,,,"0.00",,"   80","   52","  100","0.0","0.0",,"79","56",,,"  190","  200",,,,,,"10.1","15.0",,,"    1","    1",,,,,,,,,,,,,,,,,,,,
"USW00093822","2021-10-09",,,"63","29.83","29.16","66","8.28",,,,,,,,,,"0.00",,"   70","   53","   97","0.0","0.0",,"84","62",,,"  180","  190",,,,,,"18.1","29.1",,,,,,,,,,,,,,,,,,,,,,,,
"USW00093822","2021-10-10",,,"61","29.74","29.08","67","11.86",,,,,,,,,,"0.00",,"   61","   36","   84","0.0","0.0",,"87","68",,,"  180","  180",,,,,,"21.0","30.0",,,,,,,,,,,,,,,,,,,,,,,,
"USW00093822","2021-10-11",,,"62","29.65","29.02","64","13.87",,,,,,,,,,"1.31",,"   83","   69","   90","0.0","0.0",,"76","60",,,"  270","  230",,,,,,"23.9","40.9",,,"    1",,"    1",,,,,,,,,,,,,,,,,,,
"USW00093822","2021-10-12",,,"52","29.93","29.27","57","6.93",,,,,,,,,,"0.00",,"   69","   34","   90","0.0","0.0",,"77","53",,,"  240","  240",,,,,,"16.1","25.9",,,,,,,,,,,,,,,,,,,,,,,,
"USW00093822","2021-10-13",,,"61","29.85","29.20","64","10.51",,,,,,,,,,"0.05",,"   78","   66","   90","0.0","0.0",,"77","53",,,"  190","  190",,,,,,"19.9","30.0",,,"    1",,"    1",,,,,,,,,,,,,,,,,,,
"USW00093822","2021-10-14",,,"59","29.91","29.26","60","4.47",,,,,,,,,,"0.55",,"   88","   75","   96","0.0","0.0",,"73","59",,,"  310","  320",,,,,,"17.0","23.9",,,"    1",,"    1",,,,,,,,,,,,,,,,,,,
"USW00093822","2021-10-15",,,"52","29.93","29.28","54","8.05",,,,,,,,,,"0.10",,"   86","   60","   96","0.0","0.0",,"62","46",,,"  330","  350",,,,,,"17.0","23.0",,,"    1",,,,,,,,,,,,,,,,,,,,,
"USW00093822","2021-10-16",,,"38","30.13","29.48","45","9.17",,,,,,,,,,"0.00",,"   64","   34","   96","0.0","0.0",,"63","40",,,"  300","  320",,,,,,"21.9","31.1",,,,,,,,,,,,,,,,,,,,,,,,
"USW00093822","2021-10-17",,,"40","30.18","29.52","47","5.37",,,,,,,,,,"0.00",,"   64","   32","   93","0.0","0.0",,"71","39",,,"  320","  320",,,,,,"14.1","21.0",,,,,,,,,,,,,,,,,,,,,,,,
"USW00093822","2021-10-18",,,"44","30.12","29.46","51","5.82",,,,,,,,,,"0.00",,"   61","   33","   93","0.0","0.0",,"75","41",,,"  200","  190",,,,,,"15.0","21.9",,,,,,,,,,,,,,,,,,,,,,,,
"USW00093822","2021-10-19",,,"44","30.11","29.44","51","8.50",,,,,,,,,,"0.00",,"   59","   38","   83","0.0","0.0",,"71","48",,,"  180","  180",,,,,,"18.1","25.1",,,,,,,,,,,,,,,,,,,,,,,,
"USW00093822","2021-10-20",,,"53","30.01","29.34","58","9.17",,,,,,,,,,"0.07",,"   67","   47","   90","0.0","0.0",,"78","50",,,"  180","  190",,,,,,"21.9","32.0",,,,,"    1",,,,,"    1",,,,,,,,,,,,,,
"USW00093822","2021-10-21",,,"43","30.04","29.38","47","13.20",,,,,,,,,,"0.00",,"   74","   64","   80","0.0","0.0",,"59","48",,,"  270","  270",,,,,,"25.1","32.0",,,,,,,,,,,,,,,,,,,,,,,,
"USW00093822","2021-10-22",,,"42","30.06","29.39","47","6.26",,,,,,,,,,"0.00",,"   74","   46","   90","0.0","0.0",,"59","42",,,"  280","  270",,,,,,"15.0","21.9",,,,,,,,,,,,,,,,,,,,,,,,
"USW00093822","2021-10-23",,,"41","30.01","29.33","47","7.61",,,,,,,,,,"0.00",,"   67","   49","   83","0.0","0.0",,"60","43",,,"   80","   90",,,,,,"15.0","19.0",,,,,,,,,,,,,,,,,,,,,,,,
"USW00093822","2021-10-24",,,"55","29.74","29.03","56","13.20",,,,,,,,,,"2.14",,"   92","   81","  100","0.0","0.0",,"71","51",,,"  300","  260",,,,,,"28.0","53.9",,,"    1",,"    1",,,,,,,,,,,,,,,,,,,
"USW00093822","2021-10-25",,,"45","29.90","29.28","47","13.87",,,,,,,,,,"0.02",,"   82","   72","   96","0.0","0.0",,"57","42",,,"  340","  320",,,,,,"25.9","38.9",,,"    1",,,,,,,,,,,,,,,,,,,,,
"USW00093822","2021-10-26",,,"40","30.05","29.39","44","5.82",,,,,,,,,,"0.00",,"   76","   53","   93","0.0","0.0",,"59","37",,,"  130","  100",,,,,,"13.0","21.9",,,,,,,,,,,,,,,,,,,,,,,,
"USW00093822","2021-10-27",,,"40","29.86","29.16","46","13.87",,,,,,,,,,"0.03",,"   64","   49","   89","0.0","0.0",,"62","43",,,"  110","  110",,,,,,"21.9","28.0",,,,,,,,,,,,,,,,,,,,,,,,
"USW00093822","2021-10-28",,,"47","29.50","28.82","49","11.18",,,,,,,,,,"0.75",,"   93","   73","  100","0.0","0.0",,"52","47",,,"   80","   80",,,,,,"19.9","28.0",,,"    1",,,,,,,"    1",,,,,,,,,,,,,,
"USW00093822","2021-10-29",,,"49","29.60","28.97","50","12.08",,,,,,,,,,"0.31",,"   89","   80","   93","0.0","0.0",,"54","51",,,"  340","  330",,,,,,"21.0","30.0",,,"    1",,,,,,,,,,,,,,,,,,,,,
"USW00093822","2021-10-30",,,"46","29.74","29.10","49","9.84",,,,,,,,,,"0.00",,"   80","   69","   93","0.0","0.0",,"59","45",,,"  340","  350",,,,,,"18.1","25.9",,,,,,,,,,,,,,,,,,,,,,,,
"USW00093822","2021-10-31",,,"38","30.07","29.46","43","10.07",,,,,,,,,,"0.00",,"   71","   40","   93","0.0","0.0",,"57","38",,,"  300","  310",,,,,,"18.1","30.0",,,"    1",,,,,,,,,,,,,,,,,,,,,
"USW00093822","2021-11-01",,,"30","30.38","29.70","36","6.26",,,,,,,,,,"0.00",,"   71","   53","   86","0.0","0.0",,"44","34",,,"  270","  310",,,,,,"13.0","19.0",,,,,,,,,,,,,,,,,,,,,,,,
"USW00093822","2021-11-02",,,"27","30.42","29.75","34","5.37",,,,,,,,,,"0.00",,"   68","   36","   92","0.0","0.0",,"49","29",,,"  300","  310",,,,,,"15.0","19.9",,,,,,,,,,,,,,,,,,,,,,,,
"USW00093822","2021-11-03",,,"26","30.40","29.70","33","2.91",,,,,,,,,,"0.00",,"   68","   35","   88","0.0","0.0",,"51","27",,,"  300","  300",,,,,,"15.0","21.0",,,,,,,,,,,,,,,,,,,,,,,,
"USW00093822","2021-11-04",,,"27","30.36","29.67","33","1.12",,,,,,,,,,"0.00",,"   67","   36","   89","0.0","0.0",,"52","26",,,"  190","  240",,,,,,"8.1","13.0",,,"    1",,,,,,,,,,,,,,,,,,,,,
"USW00093822","2021-11-05",,,"28","30.33","29.64","35","6.49",,,,,,,,,,"0.00",,"   64","   38","   88","0.0","0.0",,"53","29",,,"  170","  170",,,,,,"16.1","21.0",,,,,,,,,,,,,,,,,,,,,,,,
"USW00093822","2021-11-06",,,"32","30.23","29.54","40","7.61",,,,,,,,,,"0.00",,"   59","   41","   82","0.0","0.0",,"60","34",,,"  190","  180",,,,,,"14.1","18.1",,,,,,,,,,,,,,,,,,,,,,,,
"USW00093822","2021-11-07",,,"38","30.16","29.49","45","8.95",,,,,,,,,,"0.00",,"   60","   42","   79","0.0","0.0",,"67","38",,,"  170","  180",,,,,,"18.1","25.9",,,,,,,,,,,,,,,,,,,,,,,,
"USW00093822","2021-11-08",,,"42","30.13","29.46","49","8.05",,,,,,,,,,"0.00",,"   62","   45","   77","0.0","0.0",,"70","44",,,"  190","  190",,,,,,"17.0","23.9",,,,,,,,,,,,,,,,,,,,,,,,
"USW00093822","2021-11-09",,,"44","30.12","29.46","49","3.80",,,,,,,,,,"0.00",,"   73","   60","   86","0.0","0.0",,"61","46",,,"  350","  360",,,,,,"12.1","15.0",,,"    1",,,,,,,"    1",,,,,,,,,,,,,,
"USW00093822","2021-11-10",,,"48","29.98","29.28","51","10.07",,,,,,,,,,"0.00",,"   78","   67","   93","0.0","0.0",,"65","43",,,"  150","  180",,,,,,"21.0","29.1",,,"    1",,,,,,,"    1",,,,,,,,,,,,,,
"USW00093822","2021-11-11",,,"40","29.76","29.09","45","15.43",,,,,,,,,,"0.26",,"   68","   42","   90","0.0","0.0",,"57","42",,,"  280","  290",,,,,,"30.0","40.9",,,"    1",,,,,,,,,,,,,,,,,,,,,
"USW00093822","2021-11-12",,,"28","29.89","29.24","35","17.22",,,,,,,,,,"0.00",,"   63","   55","   78","0.0","0.0",,"44","35",,,"  250","  240",,,,,,"31.1","38.9",,,,,,,,,,,,,,,,,,,,,,,,
"USW00093822","2021-11-13",,,"27","30.06","29.39","33","12.30",,,,,,,,,,"0.02",,"   70","   58","   78","0.0","0.0",,"39","35",,,"  290","  300",,,,,,"21.9","32.0",,,,,,,,,,,,,,,,,,,,,,,,
"USW00093822","2021-11-14",,,"27","29.98","29.32","33","14.54",,,,,,,,,,"0.04",,"   68","   59","   83","0.0","0.0",,"43","29",,,"  310","  290",,,,,,"30.0","4.0",,,,,,,,,,,,,,,,,,,,,,,,
"USW00093822","2021-11-15",,,"30","30.06","29.38","35","7.61",,,,,,,,,,"0.00",,"   73","   57","   86","0.0","0.0",,"50","27",,,"  150","  170",,,,,,"21.9","27.1",,,,,,,,,,,,,,,,,,,,,,,,
"USW00093822","2021-11-16",,,"40","29.91","29.22","45","12.08",,,,,,,,,,"0.00",,"   73","   52","   85","0.0","0.0",,"63","32",,,"  180","  180",,,,,,"25.9","38.9",,,,,,,,,,,,,,,,,,,,,,,,
"USW00093822","2021-11-17",,,"44","29.95","29.32","48","12.53",,,,,,,,,,"0.02",,"   73","   53","   86","0.0","0.0",,"65","43",,,"  310","  310",,,,,,"23.0","28.0",,,"    1",,,,,,,,,,,,,,,,,,,,,
"USW00093822","2021-11-18",,,"22","30.34","29.70","32","12.08",,,,,,,,,,"0.00",,"   55","   37","   78","0.0","0.0",,"43","27",,,"  280","  290",,,,,,"29.1","38.0",,,,,,,,,,,,,,,,,,,,,,,,
"USW00093822","2021-11-19",,,"21","30.43","29.73","29","8.50",,,,,,,,,,"0.00",,"   62","   45","   85","0.0","0.0",,"43","19",,,"  160","  160",,,,,,"21.9","29.1",,,,,,,,,,,,,,,,,,,,,,,,
"USW00093822","2021-11-20",,,"29","30.19","29.49","39","9.40",,,,,,,,,,"0.00",,"   53","   34","   75","0.0","0.0",,"57","37",,,"  160","  170",,,,,,"15.0","21.9",,,,,,"    1",,,,,,,,,,,,,,,,,,
"USW00093822","2021-11-21",,,"32","30.13","29.46","41","10.07",,,,,,,,,,"0.05",,"   58","   36","   89","0.0","0.0",,"60","32",,,"  320","  340",,,,,,"25.1","40.0",,,,,,,,,,,,,,,,,,,,,,,,
"USW00093822","2021-11-22",,,"14","30.28","29.60","25","7.61",,,,,,,,,,"0.00",,"   52","   30","   75","0.0","0.0",,"39","21",,,"  330","  340",,,,,,"17.0","25.1",,,,,,,,,,,,,,,,,,,,,,,,
"USW00093822","2021-11-23",,,"19","30.18","29.47","30","11.18",,,,,,,,,,"0.00",,"   54","   34","   78","0.0","0.0",,"48","19",,,"  170","  150",,,,,,"21.9","30.0",,,,,,,,,,,,,,,,,,,,,,,,
"USW00093822","2021-11-24",,,"34","29.98","29.31","42","14.99",,,,,,,,,,"0.01",,"   57","   48","   83","0.0","0.0",,"59","38",,,"  180","  180",,,,,,"25.9","40.9",,,"    1",,,,,,,,,,,,,,,,,,,,,
"USW00093822","2021-11-25",,,"24","30.23","29.58","29","13.65",,,,,,,,,,"0.11",,"   73","   57","   89","0.0","0.0",,"51","21",,,"  310","  310",,,,,,"23.0","31.1",,,"    1",,,,,,,,,,,,,,,,,,,,,
"USW00093822","2021-11-26",,,"16","30.20","29.49","25","7.83",,,,,,,,,,"0.00",,"   57","   41","   89","0.0","0.0",,"36","17",,,"  160","  160",,,,,,"18.1","23.0",,,,,,,,,,,,,,,,,,,,,,,,
"USW00093822","2021-11-27",,,"28","29.93","29.26","34","8.05",,,,,,,,,,"0.00",,"   66","   52","   76","0.0","0.0",,"49","30",,,"  330","  310",,,,,,"14.1","19.9",,,,,,,,,,,,,,,,,,,,,,,,
"USW00093822","2021-11-28",,,"18","30.15","29.49","29","8.50",,,,,,,,,,"0.00",,"   54","   25","   75","0.0","0.0",,"44","20",,,"  320","  320",,,,,,"23.0","31.1",,,,,,,,,,,,,,,,,,,,,,,,
"USW00093822","2021-11-29",,,"22","30.02","29.32","33","10.51",,,,,,,,,,"0.00",,"   50","   38","   72","0.0","0.0",,"50","22",,,"  170","  170",,,,,,"25.1","32.0",,,,,,,,,,,,,,,,,,,,,,,,
"USW00093822","2021-11-30",,,"32","30.10","29.42","38","4.92",,,,,,,,,,"0.00",,"   68","   44","   85","0.0","0.0",,"56","30",,,"  250","  280",,,,,,"10.1","14.1",,,,,,,,,,,,,,,,,,,,,,,,
"USW00093822","2021-12-01",,,"41","29.93","29.26","44","7.83",,,,,,,,,,"0.19",,"   77","   61","   89","0.0","0.0",,"57","37",,,"  160","  160",,,,,,"17.0","21.9",,,"    1",,,,,,,,,,,,,,,,,,,,,
"USW00093822","2021-12-02",,,"36","29.94","29.29","44","7.38",,,,,,,,,,"0.00",,"   59","   44","   79","0.0","0.0",,"63","36",,,"  300","  300",,,,,,"18.1","25.9",,,,,,,,,,,,,,,,,,,,,,,,
"USW00093822","2021-12-03",,,"36","29.98","29.34","42","6.71",,,,,,,,,,"0.00",,"   64","   48","   77","0.0","0.0",,"62","36",,,"  130","  140",,,,,,"15.0","21.0",,,,,,,,,,,,,,,,,,,,,,,,
"USW00093822","2021-12-04",,,"25","30.26","29.59","34","8.72",,,,,,,,,,"0.00",,"   60","   29","   89","0.0","0.0",,"49","32",,,"   10","   30",,,,,,"16.1","19.9",,,"    1",,,,,,,"    1",,,,,,,,,,,,,,
"USW00093822","2021-12-05",,,"37","29.84","29.13","42","14.09",,,,,,,,,,"0.07",,"   72","   44","   83","0.0","0.0",,"56","35",,,"  320","  320",,,,,,"21.9","35.1",,,,,,,,,,,,,,,,,,,,,,,,
"USW00093822","2021-12-06",,,"13","30.18","29.54","25","16.55",,,,,,,,,,"0.00",,"   48","   35","   60","0.0","0.0",,"46","19",,,"  310","  290",,,,,,"29.1","40.9",,,,,,,,,,,,,,,,,,,,,,,,
"USW00093822","2021-12-07",,,"9","30.20","29.50","20","7.61",,,,,,,,,,"0.00",,"   53","   40","   78","0.0","0.0",,"28","17",,,"  160","  160",,,,,,"15.0","19.9",,,,,,,,,,,,,,,,,,,,,,,,
"USW00093822","2021-12-08",,,"17","30.04","29.34","27","8.05",,,,,,,,,,"0.00",,"   57","   32","   78","0.0","0.0",,"42","25",,,"  120","  290",,,,,,"14.1","21.0",,,,,,,,,,,,,,,,,,,,,,,,
"USW00093822","2021-12-09",,,"33","29.77","29.08","40","12.97",,,,,,,,,,"0.00",,"   63","   48","   93","0.0","0.0",,"61","32",,,"  150","  150",,,,,,"28.0","38.0",,,"    1",,,,,,,,,,,,,,,,,,,,,
"USW00093822","2021-12-10",,,"45","29.65","28.92","47","11.18",,,,,,,,,,"0.42",,"   90","   61","   97","0.0","0.0",,"65","30",,,"  200","  200",,,,,,"42.9","59.9",,,"    1","    1","    1",,,"    1",,,,,,,,,,,,,,,,
"USW00093822","2021-12-11",,,"29","29.89","29.29","35","16.78",,,,,,,,,,"0.00",,"   66","   49","   97","0.0","0.0",,"62","34",,,"  270","  260",,,,,,"36.9","53.0",,,,,,,,,,,,,,,,,,,,,,,,
"USW00093822","2021-12-12",,,"27","30.15","29.52","35","11.86",,,,,,,,,,"0.00",,"   57","   35","   72","0.0","0.0",,"50","32",,,"  180","  180",,,,,,"21.0","29.1",,,,,,,,,,,,,,,,,,,,,,,,
"USW00093822","2021-12-13",,,"29","30.23","29.57","36","8.50",,,,,,,,,,"0.00",,"   65","   44","   79","0.0","0.0",,"53","34",,,"  180","  190",,,,,,"15.0","19.9",,,,,,,,,,,,,,,,,,,,,,,,
"USW00093822","2021-12-14",,,"40","30.21","29.52","44","11.18",,,,,,,,,,"0.00",,"   74","   58","   87","0.0","0.0",,"59","34",,,"  160","  160",,,,,,"25.1","36.9",,,"    1",,,,,,,"    1",,,,,,,,,,,,,,
"USW00093822","2021-12-15",,,"55","29.89","29.18","58","23.26",,,,,,,,,,"0.01",,"   82","   76","   87","0.0","0.0",,"66","55",,,"  180","  180",,,,,,"40.0","59.1",,,"    1",,,,,,,,,,,,,,,,,,,,,
"USW00093822","2021-12-16",,,"30","30.01","29.38","38","11.18",,,,,,,,,,"0.00",,"   57","   40","   90","0.0","0.0",,"66","26",,,"  230","  240",,,,,,"23.9","40.0",,,,,,,,,,,,,,,,,,,,,,,,
"USW00093822","2021-12-17",,,"26","30.13","29.44","31","6.93",,,,,,,,,,"0.40",,"   76","   43","   93","0.0","0.0",,"37","23",,,"  100","  100",,,,,,"15.0","19.0",,,"    1",,,,,,,"    1",,,,,,,,,,,,,,
"USW00093822","2021-12-18",,,"29","30.16","29.50","32","9.40",,,,,,,,,,"0.14",,"   83","   70","   93","0.0","0.0",,"36","29",,,"  320","  330",,,,,,"17.0","25.1",,,"    1",,,,,,,"    1",,,,,,,,,,,,,,
"USW00093822","2021-12-19",,,"24","30.33","29.67","27","4.25",,,,,,,,,,"0.00",,"   78","   62","   93","0.0","0.0",,"37","22",,,"  180","  280",,,,,,"10.1","16.1",,,,,,,,,,,,,,,,,,,,,,,,
"USW00093822","2021-12-20",,,"27","30.20","29.51","31","8.50",,,,,,,,,,"0.00",,"   76","   60","   85","0.0","0.0",,"44","27",,,"  190","  200",,,,,,"18.1","27.1",,,"    1",,,,,,,"    1",,,,,,,,,,,,,,
"USW00093822","2021-12-21",,,"25","29.98","29.28","30","7.83",,,,,,,,,,"0.00",,"   71","   58","   88","0.0","0.0",,"45","22",,,"  260","  250",,,,,,"21.9","28.0",,,"    1",,,,,,,,,,,,,,,,,,,,,
"USW00093822","2021-12-22",,,"15","30.10","29.42","25","8.72",,,,,,,,,,"0.00",,"   54","   37","   85","0.0","0.0",,"37","20",,,"  310","  300",,,,,,"21.0","27.1",,,,,,,,,,,,,,,,,,,,,,,,
"USW00093822","2021-12-23",,,"34","29.87","29.18","39","10.96",,,,,,,,,,"0.00",,"   70","   61","   89","0.0","0.0",,"57","32",,,"  210","  220",,,,,,"21.9","33.1",,,,,,,,,,,,,,,,,,,,,,,,
"USW00093822","2021-12-24",,,"47","29.57","28.87","51","15.66",,,,,,,,,,"0.00",,"   79","   64","   86","0.0","0.0",,"64","44",,,"  180","  180",,,,,,"29.1","38.9",,,,,,,,,,,,,,,,,,,,,,,,
"USW00093822","2021-12-25",,,"45","29.74","29.12","48","7.83",,,,,,,,,,"0.01",,"   86","   78","   93","0.0","0.0",,"61","44",,,"  350","  210",,,,,,"18.1","25.1",,,"    1",,,,,,,"    1",,,,,,,,,,,,,,
"USW00093822","2021-12-26",,,"41","29.92","29.22","43","11.63",,,,,,,,,,"0.00",,"   85","   71","   93","0.0","0.0",,"54","41",,,"  120","  140",,,,,,"28.0","42.1",,,"    1",,,,,,,"    1",,,,,,,,,,,,,,
"USW00093822","2021-12-27",,,"40","29.77","29.12","45","9.62",,,,,,,,,,"0.00",,"   72","   52","   93","0.0","0.0",,"59","36",,,"  280","  270",,,,,,"21.9","29.1",,,"    1",,,,,,,,,,,,,,,,,,,,,
"USW00093822","2021-12-28",,,"37","29.68","29.02","40","10.74",,,,,,,,,,"0.65",,"   83","   60","  100","0.0","0.0",,"46","37",,,"  100","  110",,,,,,"23.9","31.1",,,"    1",,,,,,,,,,,,,,,,,,,,,
"USW00093822","2021-12-29",,,"29","29.91","29.24","33","9.62",,,,,,,,,,"0.03",,"   78","   56","   89","0.0","0.0",,"45","31",,,"  320","  320",,,,,,"14.1","25.1",,,"    1",,,"    1",,,,,,,,,,,,,,,,,,
"USW00093822","2021-12-30",,,"34","29.87","29.18","36","3.36",,,,,,,,,,"0.01",,"   91","   79","   97","0.0","0.0",,"42","31",,,"  310","  310",,,,,,"17.0","25.1",,,"    1","    1",,,,"    1",,,,,,,,,,,,,,,,
"USW00093822","2021-12-31",,,"42","29.69","29.03","44","8.28",,,,,,,,,,"0.01",,"   86","   77","   93","0.0","0.0",,"57","38",,,"  170","  150",,,,,,"19.9","25.1",,,"    1","    1",,,,,,,,,,,,,,,,,,,,
